ACCIDENT_DATE,ACCIDENT_TIME,ALCOHOLTIME,ACCIDENT_TYPE,DCA_CODE,HIT_RUN_FLAG,LIGHT_CONDITION,POLICE_ATTEND,ROAD_GEOMETRY,SEVERITY,SPEED_ZONE,LONGITUDE,LATITUDE,LGA_NAME,REGION_NAME,TOTAL_PERSONS,INJ_OR_FATAL,FATALITY,SERIOUSINJURY,OTHERINJURY,NONINJURED,MALES,FEMALES,BICYCLIST,PASSENGER,DRIVER,PEDESTRIAN,PILLION,MOTORIST,UNKNOWN,PED_CYCLIST_5_12,PED_CYCLIST_13_18,OLD_PEDESTRIAN,OLD_DRIVER,YOUNG_DRIVER,ALCOHOL_RELATED,UNLICENCSED,NO_OF_VEHICLES,HEAVYVEHICLE,PASSENGERVEHICLE,MOTORCYCLE,PUBLICVEHICLE,DEG_URBAN_NAME
3/01/2011,16.25.00,No,Collision with vehicle,HEAD ON (NOT OVERTAKING),No,Day,Yes,Not at intersection,Other injury accident,80 km/hr,147.06334,-36.99346,ALPINE,NORTH EASTERN REGION,2,1,0,0,1,1,2,0,0,0,1,0,0,1,0,0,0,0,0,0,No,0,2,0,1,1,0,Country
4/01/2011,00.55.00,Yes,collision with some other object,OFF RIGHT BEND INTO OBJECT/PARKED VEHICLE,No,Dark No street lights,Yes,Not at intersection,Other injury accident,70 km/hr,145.34689,-37.86328,YARRA RANGES,METROPOLITAN SOUTH EAST REGION,2,2,0,0,2,0,1,1,0,1,1,0,0,0,0,0,0,0,0,1,No,0,1,0,1,0,0,Metropolitan Excluding CBD
4/01/2011,01.00.00,Yes,Collision with a fixed object,LEFT OFF CARRIAGEWAY INTO OBJECT/PARKED VEHICLE,No,Dark No street lights,Yes,Not at intersection,Other injury accident,100 km/hr,144.3531,-38.02329,GEELONG,SOUTH WESTERN REGION,1,1,0,0,1,0,1,0,0,0,1,0,0,0,0,0,0,0,0,0,No,0,1,0,1,0,0,Country
4/01/2011,02.45.00,Yes,Collision with a fixed object,OFF END OF ROAD/T-INTERSECTION.,No,Dark No street lights,Yes,T intersection,Other injury accident,60 km/hr,145.26679,-37.60451,NILLUMBIK,METROPOLITAN NORTH WEST REGION,1,1,0,0,1,0,1,0,0,0,1,0,0,0,0,0,0,0,0,1,No,0,1,0,1,0,0,Small Towns
4/01/2011,10.20.00,No,Collision with vehicle,RIGHT REAR.,No,Day,Yes,T intersection,Serious injury accident,80 km/hr,144.8573,-37.78026,MARIBYRNONG,METROPOLITAN NORTH WEST REGION,2,1,0,1,0,1,1,0,0,0,2,0,0,0,0,0,0,0,0,0,No,0,2,0,2,0,0,Metropolitan Excluding CBD
4/01/2011,09.13.00,No,Collision with vehicle,U TURN,No,Day,Yes,T intersection,Serious injury accident,50 km/hr,143.67009,-38.75016,COLAC OTWAY,SOUTH WESTERN REGION,2,1,0,1,0,1,1,1,0,0,1,0,0,1,0,0,0,0,0,0,No,0,4,0,3,1,0,Other Towns
4/01/2011,11.45.00,No,Collision with vehicle,CROSS TRAFFIC(INTERSECTIONS ONLY),No,Day,Yes,Cross intersection,Other injury accident,50 km/hr,144.95689,-37.29167,MITCHELL,NORTHERN REGION,2,1,0,0,1,1,0,2,0,0,2,0,0,0,0,0,0,0,0,0,No,0,2,0,2,0,0,Other Towns
4/01/2011,11.17.00,No,No collision and no object struck,OUT OF CONTROL ON CARRIAGEWAY (ON STRAIGHT),No,Day,Yes,T intersection,Other injury accident,50 km/hr,144.87509,-37.83967,HOBSONS BAY,METROPOLITAN NORTH WEST REGION,3,1,0,0,1,2,2,0,0,1,1,0,0,1,0,0,0,0,0,0,No,0,2,0,1,1,0,Metropolitan Excluding CBD
4/01/2011,13.14.00,No,Struck Pedestrian,PED NEAR SIDE. PED HIT BY VEHICLE FROM THE RIGHT.,No,Day,Yes,T intersection,Serious injury accident,50 km/hr,145.00124,-37.75476,DAREBIN,METROPOLITAN NORTH WEST REGION,2,1,0,1,0,1,1,1,0,0,1,1,0,0,0,0,0,1,0,0,No,0,1,0,1,0,0,Metropolitan Excluding CBD
4/01/2011,12.36.00,No,Collision with vehicle,RIGHT NEAR (INTERSECTIONS ONLY),No,Day,Yes,T intersection,Other injury accident,60 km/hr,144.89222,-37.73801,MOONEE VALLEY,METROPOLITAN NORTH WEST REGION,2,2,0,0,2,0,0,2,0,0,2,0,0,0,0,0,0,0,0,1,No,0,2,0,2,0,0,Metropolitan Excluding CBD
4/01/2011,13.45.00,No,Collision with vehicle,VEHICLE COLLIDES WITH VEHICLE PARKED ON LEFT OF ROAD,No,Day,Yes,Not at intersection,Other injury accident,50 km/hr,146.87078,-36.11987,WODONGA,NORTH EASTERN REGION,2,2,0,0,2,0,1,1,0,1,1,0,0,0,0,0,0,0,1,0,No,0,2,0,2,0,0,Small Provincial Cities
4/01/2011,11.28.00,No,Collision with a fixed object,LEFT OFF CARRIAGEWAY INTO OBJECT/PARKED VEHICLE,No,Day,Yes,Not at intersection,Serious injury accident,60 km/hr,144.8288,-37.77661,BRIMBANK,METROPOLITAN NORTH WEST REGION,1,1,0,1,0,0,0,1,0,0,1,0,0,0,0,0,0,0,1,0,No,0,1,0,1,0,0,Metropolitan Excluding CBD
4/01/2011,12.11.00,No,Collision with vehicle,HEAD ON (NOT OVERTAKING),No,Day,Yes,Not at intersection,Other injury accident,80 km/hr,144.75485,-37.76239,MELTON,METROPOLITAN NORTH WEST REGION,9,4,0,0,4,5,5,4,0,5,4,0,0,0,0,0,0,0,0,0,No,0,4,0,4,0,0,Metropolitan Excluding CBD
4/01/2011,13.54.00,No,Collision with a fixed object,RIGHT OFF CARRIAGEWAY INTO OBJECT/PARKED VEHICLE,No,Day,Yes,Cross intersection,Serious injury accident,100 km/hr,143.31815,-35.41457,SWAN HILL,NORTHERN REGION,1,1,0,1,0,0,1,0,0,0,1,0,0,0,0,0,0,0,0,0,No,0,1,0,1,0,0,Country
4/01/2011,14.30.00,No,Collision with a fixed object,LEFT OFF CARRIAGEWAY INTO OBJECT/PARKED VEHICLE,No,Day,Yes,Not at intersection,Other injury accident,50 km/hr,144.97235,-37.69876,MORELAND,METROPOLITAN NORTH WEST REGION,1,1,0,0,1,0,0,1,0,0,1,0,0,0,0,0,0,0,0,0,No,0,1,0,1,0,0,Metropolitan Excluding CBD
4/01/2011,15.40.00,No,Collision with a fixed object,OFF LEFT BEND INTO OBJECT/PARKED VEHICLE,No,Day,Yes,Not at intersection,Other injury accident,100 km/hr,146.40664,-36.72955,WANGARATTA,NORTH EASTERN REGION,1,1,0,0,1,0,0,1,0,0,1,0,0,0,0,0,0,0,0,0,No,0,1,0,1,0,0,Country
4/01/2011,11.44.00,No,Collision with a fixed object,LEFT OFF CARRIAGEWAY INTO OBJECT/PARKED VEHICLE,No,Day,Yes,Not at intersection,Other injury accident,100 km/hr,145.15123,-37.90046,MONASH,METROPOLITAN SOUTH EAST REGION,1,1,0,0,1,0,1,0,0,0,1,0,0,0,0,0,0,0,0,0,No,0,1,0,0,0,0,Metropolitan Excluding CBD
4/01/2011,17.40.00,No,Struck Pedestrian,VEH STRIKES PED ON FOOTPATH/MEDIAN/TRAFFIC ISLAND.,Yes,Day,Yes,Not at intersection,Other injury accident,Not known,145.20344,-37.97361,DANDENONG,METROPOLITAN SOUTH EAST REGION,2,1,0,0,1,1,2,0,0,0,1,1,0,0,0,0,0,0,0,1,No,1,1,0,1,0,0,Metropolitan Excluding CBD
4/01/2011,20.10.00,Yes,Struck Pedestrian,PED NEAR SIDE. PED HIT BY VEHICLE FROM THE RIGHT.,No,Day,Yes,Cross intersection,Serious injury accident,70 km/hr,145.11331,-37.75721,MANNINGHAM,METROPOLITAN SOUTH EAST REGION,3,1,0,1,0,2,2,1,0,1,1,1,0,0,0,0,0,0,0,0,No,0,1,0,1,0,0,Metropolitan Excluding CBD
4/01/2011,22.00.00,Yes,Collision with vehicle,CROSS TRAFFIC(INTERSECTIONS ONLY),No,Dark Street lights on,Yes,Cross intersection,Other injury accident,50 km/hr,144.8521,-37.673,HUME,METROPOLITAN NORTH WEST REGION,2,1,0,0,1,1,1,1,0,0,2,0,0,0,0,0,0,0,0,0,No,0,2,0,2,0,0,Metropolitan Excluding CBD
4/01/2011,20.45.00,Yes,Collision with vehicle,CROSS TRAFFIC(INTERSECTIONS ONLY),No,Dusk/Dawn,Yes,Cross intersection,Other injury accident,50 km/hr,144.94943,-37.74326,MORELAND,METROPOLITAN NORTH WEST REGION,4,1,0,0,1,3,2,2,0,2,2,0,0,0,0,0,0,0,0,2,No,0,2,0,2,0,0,Metropolitan Excluding CBD
4/01/2011,22.45.00,Yes,Collision with a fixed object,LEFT OFF CARRIAGEWAY INTO OBJECT/PARKED VEHICLE,No,Dark Street lights on,Yes,Cross intersection,Other injury accident,100 km/hr,145.21569,-38.20057,CASEY,METROPOLITAN SOUTH EAST REGION,2,2,0,0,2,0,2,0,0,1,1,0,0,0,0,0,0,0,0,0,Yes,0,1,0,1,0,0,Metropolitan Excluding CBD
4/01/2011,15.15.00,No,Collision with vehicle,LEAVING PARKING,No,Day,Yes,Not at intersection,Other injury accident,60 km/hr,145.00047,-37.86398,PORT PHILLIP,METROPOLITAN NORTH WEST REGION,3,1,0,0,1,2,0,3,0,1,2,0,0,0,0,0,0,0,1,0,No,0,2,0,2,0,0,Metropolitan Excluding CBD
4/01/2011,21.30.00,Yes,Struck animal,STRUCK ANIMAL,No,Dark No street lights,Yes,Not at intersection,Other injury accident,100 km/hr,145.77454,-37.24563,MURRINDINDI,NORTH EASTERN REGION,4,4,0,0,4,0,2,2,0,3,1,0,0,0,0,0,0,0,0,0,No,0,1,0,1,0,0,Country
4/01/2011,09.40.00,No,Collision with vehicle,RIGHT THROUGH,No,Day,No,T intersection,Other injury accident,50 km/hr,145.73193,-38.63514,BASS COAST,EASTERN REGION,2,1,0,0,1,1,1,1,1,0,1,0,0,0,0,0,1,0,1,0,No,0,2,0,1,0,0,Other Towns
4/01/2011,13.35.00,No,Collision with a fixed object,RIGHT OFF CARRIAGEWAY INTO OBJECT/PARKED VEHICLE,No,Day,Yes,Not at intersection,Other injury accident,100 km/hr,146.04152,-37.14845,MANSFIELD,NORTH EASTERN REGION,1,1,0,0,1,0,0,1,0,0,1,0,0,0,0,0,0,0,0,0,No,0,1,0,1,0,0,Country
4/01/2011,16.00.00,No,Collision with vehicle,LEFT TURN SIDESWIPE,No,Day,Yes,T intersection,Other injury accident,50 km/hr,144.35374,-38.13537,GEELONG,SOUTH WESTERN REGION,2,2,0,0,2,0,2,0,2,0,0,0,0,0,0,0,0,0,0,0,No,0,2,0,0,0,0,Large Provincial Cities
4/01/2011,17.20.00,No,Collision with vehicle,LEFT REAR,No,Day,No,T intersection,Other injury accident,100 km/hr,145.1325,-38.02647,KINGSTON,METROPOLITAN SOUTH EAST REGION,2,1,0,0,1,1,0,2,0,0,2,0,0,0,0,0,0,0,0,0,No,0,2,0,2,0,0,Metropolitan Excluding CBD
4/01/2011,15.00.00,No,No collision and no object struck,OUT OF CONTROL ON CARRIAGEWAY (ON STRAIGHT),No,Day,No,T intersection,Other injury accident,100 km/hr,145.08583,-38.31246,MORNINGTON PENINSULA,METROPOLITAN SOUTH EAST REGION,1,1,0,0,1,0,1,0,0,0,0,0,0,1,0,0,0,0,0,0,No,0,1,0,0,1,0,Country
4/01/2011,00.05.00,Yes,Collision with vehicle,RIGHT THROUGH,No,Dark Street lights unknown,No,Cross intersection,Other injury accident,60 km/hr,145.41626,-36.38086,SHEPPARTON,NORTH EASTERN REGION,2,1,0,0,1,1,0,2,0,0,2,0,0,0,0,0,0,0,0,1,No,0,2,0,2,0,0,Small Provincial Cities
4/01/2011,13.00.00,No,Struck animal,STRUCK ANIMAL,No,Day,No,Not at intersection,Other injury accident,60 km/hr,145.98556,-38.01467,BAW BAW,EASTERN REGION,1,1,0,0,1,0,1,0,0,0,0,0,0,1,0,0,0,0,0,0,No,0,1,0,0,1,0,Country
4/01/2011,16.30.00,No,Vehicle overturned (no collision),OFF CARRIAGEWAY ON RIGHT BEND,No,Day,No,Not at intersection,Serious injury accident,100 km/hr,146.01362,-38.53547,SOUTH GIPPSLAND,EASTERN REGION,1,1,0,1,0,0,1,0,0,0,0,0,0,1,0,0,0,0,0,0,No,0,1,0,0,1,0,Country
4/01/2011,17.40.00,No,Collision with vehicle,REAR END(VEHICLES IN SAME LANE),No,Day,No,Multiple intersection,Other injury accident,50 km/hr,144.28197,-36.76016,BENDIGO,NORTHERN REGION,2,1,0,0,1,1,0,2,0,0,2,0,0,0,0,0,0,0,0,0,No,0,2,0,2,0,0,Large Provincial Cities
4/01/2011,17.45.00,No,Collision with a fixed object,LEFT OFF CARRIAGEWAY INTO OBJECT/PARKED VEHICLE,No,Day,No,Not at intersection,Other injury accident,80 km/hr,145.95617,-37.9514,BAW BAW,EASTERN REGION,5,1,0,0,1,4,2,3,0,4,1,0,0,0,0,0,0,0,0,0,No,0,1,0,1,0,0,Country
5/01/2011,09.40.00,No,Collision with a fixed object,RIGHT OFF CARRIAGEWAY INTO OBJECT/PARKED VEHICLE,No,Day,Yes,Cross intersection,Other injury accident,80 km/hr,145.17657,-37.99466,DANDENONG,METROPOLITAN SOUTH EAST REGION,1,1,0,0,1,0,1,0,0,0,1,0,0,0,0,0,0,0,0,0,No,0,1,0,1,0,0,Metropolitan Excluding CBD
5/01/2011,07.00.00,No,Collision with vehicle,REAR END(VEHICLES IN SAME LANE),No,Day,Yes,T intersection,Serious injury accident,80 km/hr,145.17871,-37.79828,MANNINGHAM,METROPOLITAN SOUTH EAST REGION,3,1,0,1,0,2,3,0,0,1,2,0,0,0,0,0,0,0,0,0,No,0,2,0,0,0,1,Metropolitan Excluding CBD
5/01/2011,12.46.00,No,Collision with vehicle,REAR END(VEHICLES IN SAME LANE),No,Day,No,T intersection,Other injury accident,Not known,145.01014,-37.74582,DAREBIN,METROPOLITAN NORTH WEST REGION,3,1,0,0,1,2,3,0,0,0,3,0,0,0,0,0,0,0,0,0,No,0,3,0,3,0,0,Metropolitan Excluding CBD
5/01/2011,11.53.00,No,Collision with vehicle,HEAD ON (NOT OVERTAKING),No,Day,Yes,Not at intersection,Serious injury accident,80 km/hr,144.25113,-37.00267,MOUNT ALEXANDER,NORTHERN REGION,2,2,0,1,1,0,2,0,0,0,2,0,0,0,0,0,0,0,0,0,No,0,2,0,2,0,0,Small Towns
5/01/2011,13.15.00,No,Collision with vehicle,REAR END(VEHICLES IN SAME LANE),No,Day,Yes,Not at intersection,Other injury accident,70 km/hr,145.16558,-37.8809,MONASH,METROPOLITAN SOUTH EAST REGION,3,1,0,0,1,2,0,3,0,0,3,0,0,0,0,0,0,0,0,1,No,0,3,0,3,0,0,Metropolitan Excluding CBD
5/01/2011,14.20.00,No,Collision with a fixed object,LEFT OFF CARRIAGEWAY INTO OBJECT/PARKED VEHICLE,No,Day,Yes,Not at intersection,Serious injury accident,100 km/hr,144.42931,-37.78247,MOORABOOL,WESTERN REGION,1,1,0,1,0,0,1,0,0,0,1,0,0,0,0,0,0,0,0,0,No,0,1,0,1,0,0,Country
5/01/2011,14.50.00,No,Collision with vehicle,REAR END(VEHICLES IN SAME LANE),No,Day,Yes,Cross intersection,Serious injury accident,50 km/hr,143.84116,-37.59874,BALLARAT,WESTERN REGION,8,3,0,1,2,5,2,6,0,4,4,0,0,0,0,0,0,0,0,0,No,0,4,1,3,0,0,Large Provincial Cities
5/01/2011,19.30.00,Yes,Collision with vehicle,RIGHT FAR (INTERSECTIONS ONLY),No,Dusk/Dawn,Yes,Cross intersection,Serious injury accident,60 km/hr,145.00244,-37.82618,YARRA,METROPOLITAN NORTH WEST REGION,4,3,0,1,2,1,2,2,0,1,3,0,0,0,0,0,0,0,0,0,No,0,3,0,3,0,0,Metropolitan Excluding CBD
5/01/2011,15.33.00,No,Collision with vehicle,RIGHT THROUGH,No,Day,Yes,Not at intersection,Serious injury accident,50 km/hr,145.20965,-38.16927,FRANKSTON,METROPOLITAN SOUTH EAST REGION,2,2,0,1,1,0,1,1,0,0,1,0,0,1,0,0,0,0,0,1,No,0,2,0,1,1,0,Metropolitan Excluding CBD
5/01/2011,16.44.00,No,No collision and no object struck,OFF CARRIAGEWAY ON RIGHT BEND,No,Day,Yes,Not at intersection,Serious injury accident,60 km/hr,147.2889,-36.90601,ALPINE,NORTH EASTERN REGION,1,1,0,1,0,0,1,0,0,0,0,0,0,1,0,0,0,0,0,0,No,0,1,0,0,1,0,Country
5/01/2011,22.45.00,Yes,Collision with a fixed object,OFF END OF ROAD/T-INTERSECTION.,No,Dark Street lights on,Yes,T intersection,Serious injury accident,50 km/hr,145.06098,-37.98766,KINGSTON,METROPOLITAN SOUTH EAST REGION,1,1,0,1,0,0,0,1,0,0,1,0,0,0,0,0,0,0,0,0,Yes,0,1,0,1,0,0,Metropolitan Excluding CBD
5/01/2011,20.16.00,Yes,Struck Pedestrian,PED NEAR SIDE. PED HIT BY VEHICLE FROM THE RIGHT.,No,Day,Yes,Cross intersection,Serious injury accident,60 km/hr,142.15231,-34.1853,MILDURA,WESTERN REGION,5,1,0,1,0,4,1,2,0,3,1,1,0,0,0,0,0,0,0,0,No,0,1,0,1,0,0,Small Provincial Cities
5/01/2011,13.00.00,No,Collision with vehicle,RIGHT NEAR (INTERSECTIONS ONLY),No,Day,Yes,Cross intersection,Serious injury accident,100 km/hr,145.69328,-37.17969,MURRINDINDI,NORTH EASTERN REGION,3,3,0,2,1,0,1,2,0,1,2,0,0,0,0,0,0,0,0,0,No,0,2,0,2,0,0,Country
5/01/2011,23.30.00,Yes,Collision with a fixed object,OFF LEFT BEND INTO OBJECT/PARKED VEHICLE,No,Dark No street lights,No,Not at intersection,Serious injury accident,100 km/hr,142.31098,-36.12649,YARRIAMBIACK,WESTERN REGION,1,1,0,1,0,0,1,0,0,0,1,0,0,0,0,0,0,0,0,1,No,0,1,0,1,0,0,Country
5/01/2011,16.15.00,No,Collision with vehicle,VEHICLE STRIKES ANOTHER VEH WHILE EMERGING FROM DRIVEWAY,No,Day,No,Not at intersection,Other injury accident,50 km/hr,147.9884,-37.8791,EAST GIPPSLAND,EASTERN REGION,2,1,0,0,1,1,0,2,0,0,2,0,0,0,0,0,0,0,0,0,No,0,2,0,2,0,0,Other Towns
5/01/2011,16.30.00,No,Collision with vehicle,OTHER ADJACENT (INTERSECTIONS ONLY),No,Day,No,T intersection,Other injury accident,60 km/hr,145.03143,-37.8975,GLEN EIRA,METROPOLITAN SOUTH EAST REGION,2,2,0,0,2,0,2,0,1,0,1,0,0,0,0,0,0,0,0,0,No,0,2,0,1,0,0,Metropolitan Excluding CBD
5/01/2011,09.00.00,No,Collision with vehicle,RIGHT TURN SIDESWIPE,No,Day,No,Cross intersection,Other injury accident,60 km/hr,144.96023,-37.77804,MELBOURNE,METROPOLITAN NORTH WEST REGION,2,1,0,0,1,1,1,1,1,0,1,0,0,0,0,0,0,0,0,0,No,0,2,0,1,0,0,Metropolitan Excluding CBD
5/01/2011,15.45.00,No,Other accident,ANY MANOEUVRE INVOLVING PED NOT INCLUDED IN DCAs 100-108.,No,Day,No,T intersection,Other injury accident,40 km/hr,144.99475,-37.84378,STONNINGTON,METROPOLITAN SOUTH EAST REGION,2,1,0,0,1,1,1,0,0,0,1,1,0,0,0,0,0,0,0,0,No,0,1,0,1,0,0,Metropolitan Excluding CBD
5/01/2011,19.30.00,Yes,Collision with vehicle,OTHER ADJACENT (INTERSECTIONS ONLY),No,Day,No,T intersection,Other injury accident,60 km/hr,144.93578,-37.78347,MOONEE VALLEY,METROPOLITAN NORTH WEST REGION,2,1,0,0,1,1,0,2,1,0,1,0,0,0,0,0,0,0,0,1,No,0,2,0,1,0,0,Metropolitan Excluding CBD
5/01/2011,16.55.00,No,Collision with vehicle,RIGHT THROUGH,No,Day,No,Cross intersection,Other injury accident,60 km/hr,145.40582,-36.38194,SHEPPARTON,NORTH EASTERN REGION,2,1,0,0,1,1,0,2,0,0,1,0,0,0,1,0,0,0,0,0,No,0,2,0,1,0,0,Small Provincial Cities
5/01/2011,14.30.00,No,Collision with vehicle,LANE CHANGE RIGHT (NOT OVERTAKING),No,Unk.,No,T intersection,Other injury accident,Not known,144.93733,-37.80531,MELBOURNE,METROPOLITAN NORTH WEST REGION,2,2,0,0,2,0,1,1,0,0,2,0,0,0,0,0,0,0,0,0,No,0,2,0,1,0,0,Metropolitan Excluding CBD
5/01/2011,13.40.00,No,Collision with vehicle,REAR END(VEHICLES IN SAME LANE),No,Unk.,No,Cross intersection,Other injury accident,50 km/hr,144.34813,-38.14155,GEELONG,SOUTH WESTERN REGION,2,1,0,0,1,1,1,1,0,0,2,0,0,0,0,0,0,0,0,1,No,0,2,0,2,0,0,Large Provincial Cities
6/01/2011,01.40.00,Yes,Collision with a fixed object,RIGHT OFF CARRIAGEWAY INTO OBJECT/PARKED VEHICLE,No,Dark Street lights on,Yes,T intersection,Serious injury accident,60 km/hr,145.16613,-37.96413,DANDENONG,METROPOLITAN SOUTH EAST REGION,1,1,0,1,0,0,1,0,0,0,1,0,0,0,0,0,0,0,0,0,No,0,1,0,1,0,0,Metropolitan Excluding CBD
6/01/2011,01.38.00,Yes,Collision with a fixed object,LEFT OFF CARRIAGEWAY INTO OBJECT/PARKED VEHICLE,No,Dark No street lights,Yes,Not at intersection,Serious injury accident,100 km/hr,144.68836,-37.58853,HUME,METROPOLITAN NORTH WEST REGION,1,1,0,1,0,0,1,0,0,0,1,0,0,0,0,0,0,0,0,1,No,0,1,0,1,0,0,Country
6/01/2011,07.40.00,No,Struck Pedestrian,VEH STRIKES PED ON FOOTPATH/MEDIAN/TRAFFIC ISLAND.,No,Day,Yes,Cross intersection,Other injury accident,Not known,144.95496,-37.84594,PORT PHILLIP,METROPOLITAN NORTH WEST REGION,2,1,0,0,1,1,1,1,1,0,0,1,0,0,0,0,0,1,0,0,No,0,1,0,0,0,0,Metropolitan Excluding CBD
6/01/2011,09.35.00,No,Struck Pedestrian,ANY MANOEUVRE INVOLVING PED NOT INCLUDED IN DCAs 100-108.,No,Day,Yes,Not at intersection,Other injury accident,50 km/hr,146.3226,-36.35421,WANGARATTA,NORTH EASTERN REGION,2,1,0,0,1,1,0,2,0,0,1,1,0,0,0,0,0,0,0,0,No,0,1,0,1,0,0,Small Provincial Cities
6/01/2011,10.40.00,No,Collision with vehicle,RIGHT THROUGH,No,Day,Yes,T intersection,Serious injury accident,50 km/hr,144.98799,-37.91889,BAYSIDE,METROPOLITAN SOUTH EAST REGION,2,1,0,1,0,1,0,2,1,0,1,0,0,0,0,0,0,0,0,1,No,0,2,0,1,0,0,Metropolitan Excluding CBD
6/01/2011,08.10.00,No,Collision with vehicle,RIGHT NEAR (INTERSECTIONS ONLY),No,Day,Yes,T intersection,Other injury accident,100 km/hr,145.39107,-38.52085,BASS COAST,EASTERN REGION,2,1,0,0,1,1,0,2,0,0,2,0,0,0,0,0,0,0,0,2,No,0,2,0,2,0,0,Other Towns
6/01/2011,10.00.00,No,Collision with vehicle,LEFT FAR (INTERSECTIONS ONLY),No,Day,Yes,T intersection,Other injury accident,60 km/hr,144.82025,-37.87106,HOBSONS BAY,METROPOLITAN NORTH WEST REGION,4,1,0,0,1,3,1,3,0,2,2,0,0,0,0,0,0,0,0,0,No,0,2,0,2,0,0,Metropolitan Excluding CBD
6/01/2011,08.45.00,No,Collision with vehicle,LANE CHANGE RIGHT (NOT OVERTAKING),No,Day,Yes,Not at intersection,Other injury accident,80 km/hr,145.1262,-37.91382,MONASH,METROPOLITAN SOUTH EAST REGION,2,1,0,0,1,1,2,0,0,0,2,0,0,0,0,0,0,0,1,0,No,0,2,1,1,0,0,Metropolitan Excluding CBD
6/01/2011,14.10.00,No,Collision with vehicle,LANE CHANGE LEFT (NOT OVERTAKING),No,Day,Yes,Cross intersection,Other injury accident,50 km/hr,144.96181,-37.8113,MELBOURNE,METROPOLITAN NORTH WEST REGION,3,1,0,0,1,2,1,2,1,1,1,0,0,0,0,0,1,0,0,0,No,0,2,0,1,0,0,Metropolitan CBD Only
6/01/2011,13.30.00,No,Collision with vehicle,RIGHT REAR.,No,Day,Yes,Not at intersection,Serious injury accident,60 km/hr,144.34402,-38.10759,GEELONG,SOUTH WESTERN REGION,2,1,0,1,0,1,2,0,0,0,2,0,0,0,0,0,0,0,0,0,No,0,2,0,2,0,0,Large Provincial Cities
6/01/2011,14.00.00,No,Collision with a fixed object,OFF LEFT BEND INTO OBJECT/PARKED VEHICLE,No,Day,Yes,Not at intersection,Other injury accident,100 km/hr,147.31756,-36.07919,TOWONG,NORTH EASTERN REGION,1,1,0,0,1,0,1,0,0,0,0,0,0,1,0,0,0,0,0,0,No,0,1,0,0,1,0,Country
6/01/2011,16.40.00,No,Collision with vehicle,VEHICLE OFF FOOTPATH STRIKES VEH ON CARRIAGEWAY,Yes,Day,Yes,Cross intersection,Other injury accident,50 km/hr,145.039,-37.82931,BOROONDARA,METROPOLITAN SOUTH EAST REGION,2,1,0,0,1,1,1,0,1,0,1,0,0,0,0,0,0,0,0,0,No,0,2,0,1,0,0,Metropolitan Excluding CBD
6/01/2011,17.05.00,No,Collision with vehicle,RIGHT THROUGH,No,Day,Yes,Cross intersection,Serious injury accident,60 km/hr,144.56755,-37.68758,MELTON,METROPOLITAN NORTH WEST REGION,4,1,0,1,0,3,2,2,0,2,2,0,0,0,0,0,0,0,0,2,No,0,2,0,2,0,0,Small Provincial Cities
6/01/2011,14.30.00,No,Collision with vehicle,LEFT TURN SIDESWIPE,No,Day,No,T intersection,Other injury accident,Not known,144.94507,-37.83563,PORT PHILLIP,METROPOLITAN NORTH WEST REGION,5,1,0,0,1,4,1,2,1,3,1,0,0,0,0,0,1,0,0,0,No,0,2,0,1,0,0,Metropolitan Excluding CBD
6/01/2011,17.52.00,No,Collision with vehicle,LEAVING PARKING,Yes,Day,Yes,Not at intersection,Other injury accident,60 km/hr,144.97549,-37.80796,YARRA,METROPOLITAN NORTH WEST REGION,2,1,0,0,1,1,2,0,1,0,1,0,0,0,0,0,0,0,0,0,No,1,2,0,1,0,0,Metropolitan Excluding CBD
6/01/2011,16.30.00,No,Collision with vehicle,RIGHT THROUGH,No,Day,Yes,Multiple intersection,Serious injury accident,80 km/hr,145.19555,-37.96797,DANDENONG,METROPOLITAN SOUTH EAST REGION,3,2,0,1,1,1,3,0,0,0,2,0,0,1,0,0,0,0,0,0,No,0,3,0,2,1,0,Metropolitan Excluding CBD
6/01/2011,20.00.00,Yes,Collision with vehicle,PULLING OUT -REAR END,No,Dusk/Dawn,Yes,Not at intersection,Serious injury accident,110 km/hr,146.29397,-38.22529,LATROBE,EASTERN REGION,3,2,0,1,1,1,2,1,0,1,2,0,0,0,0,0,0,0,0,1,No,0,2,0,2,0,0,Country
6/01/2011,17.45.00,No,Collision with a fixed object,LEFT OFF CARRIAGEWAY INTO OBJECT/PARKED VEHICLE,No,Day,Yes,Not at intersection,Other injury accident,100 km/hr,143.92585,-37.53069,BALLARAT,WESTERN REGION,2,2,0,0,2,0,1,1,0,1,1,0,0,0,0,0,0,0,0,1,No,0,1,0,1,0,0,Country
6/01/2011,20.26.00,Yes,Collision with vehicle,U TURN,No,Dusk/Dawn,Yes,Not at intersection,Other injury accident,60 km/hr,144.95858,-37.80427,MELBOURNE,METROPOLITAN NORTH WEST REGION,6,1,0,0,1,5,2,4,0,4,2,0,0,0,0,0,0,0,0,0,No,0,2,0,2,0,0,Metropolitan Excluding CBD
6/01/2011,16.45.00,No,Collision with vehicle,HEAD ON (NOT OVERTAKING),No,Day,Yes,T intersection,Serious injury accident,60 km/hr,145.22726,-37.81686,MAROONDAH,METROPOLITAN SOUTH EAST REGION,4,1,0,1,0,3,3,1,0,1,2,0,0,1,0,0,0,0,0,0,No,0,3,0,2,1,0,Metropolitan Excluding CBD