ACCIDENT_DATE,ACCIDENT_TIME,ALCOHOLTIME,ACCIDENT_TYPE,DCA_CODE,HIT_RUN_FLAG,LIGHT_CONDITION,POLICE_ATTEND,ROAD_GEOMETRY,SEVERITY,SPEED_ZONE,LONGITUDE,LATITUDE,LGA_NAME,REGION_NAME,TOTAL_PERSONS,INJ_OR_FATAL,FATALITY,SERIOUSINJURY,OTHERINJURY,NONINJURED,MALES,FEMALES,BICYCLIST,PASSENGER,DRIVER,PEDESTRIAN,PILLION,MOTORIST,UNKNOWN,PED_CYCLIST_5_12,PED_CYCLIST_13_18,OLD_PEDESTRIAN,OLD_DRIVER,YOUNG_DRIVER,ALCOHOL_RELATED,UNLICENCSED,NO_OF_VEHICLES,HEAVYVEHICLE,PASSENGERVEHICLE,MOTORCYCLE,PUBLICVEHICLE,DEG_URBAN_NAME
29/01/2011,21.01.00,Yes,Collision with vehicle,RIGHT REAR.,No,Dark Street lights on,Yes,Not at intersection,Serious injury accident,60 km/hr,145.13327,-38.12588,FRANKSTON,METROPOLITAN SOUTH EAST REGION,2,1,0,1,0,1,2,0,0,0,1,0,0,1,0,0,0,0,0,0,No,1,2,0,1,1,0,Metropolitan Excluding CBD
29/01/2011,22.50.00,Yes,Collision with vehicle,VEHICLE COLLIDES WITH VEHICLE PARKED ON LEFT OF ROAD,Yes,Dark No street lights,Yes,Not at intersection,Other injury accident,50 km/hr,145.26234,-37.87931,KNOX,METROPOLITAN SOUTH EAST REGION,2,1,0,0,1,1,2,0,0,0,2,0,0,0,0,0,0,0,0,1,No,0,2,0,2,0,0,Metropolitan Excluding CBD
29/01/2011,11.40.00,No,Collision with vehicle,CROSS TRAFFIC(INTERSECTIONS ONLY),No,Day,No,Cross intersection,Other injury accident,60 km/hr,144.2576,-36.76248,BENDIGO,NORTHERN REGION,3,1,0,0,1,2,2,1,0,1,2,0,0,0,0,0,0,0,0,1,No,0,2,0,2,0,0,Large Provincial Cities
29/01/2011,11.00.00,No,No collision and no object struck,OUT OF CONTROL ON CARRIAGEWAY (ON STRAIGHT),No,Day,No,Not at intersection,Serious injury accident,100 km/hr,147.44582,-37.00312,EAST GIPPSLAND,EASTERN REGION,1,1,0,1,0,0,1,0,0,0,0,0,0,1,0,0,0,0,0,0,No,0,1,0,0,1,0,Country
29/01/2011,13.15.00,No,Collision with vehicle,REAR END(VEHICLES IN SAME LANE),No,Day,No,Not at intersection,Other injury accident,100 km/hr,145.24128,-38.02252,DANDENONG,METROPOLITAN SOUTH EAST REGION,2,1,0,0,1,1,2,0,0,0,2,0,0,0,0,0,0,0,0,0,No,0,2,0,2,0,0,Metropolitan Excluding CBD
29/01/2011,09.30.00,No,Collision with vehicle,REAR END(VEHICLES IN SAME LANE),No,Day,No,Not at intersection,Other injury accident,60 km/hr,145.10857,-37.70524,BANYULE,METROPOLITAN NORTH WEST REGION,2,1,0,0,1,1,2,0,0,0,1,0,0,1,0,0,0,0,0,0,No,0,2,0,1,1,0,Metropolitan Excluding CBD
29/01/2011,18.30.00,Yes,Collision with vehicle,LEFT REAR,No,Day,No,Cross intersection,Other injury accident,70 km/hr,144.69357,-37.81978,WYNDHAM,METROPOLITAN NORTH WEST REGION,2,1,0,0,1,1,0,2,0,0,2,0,0,0,0,0,0,0,0,1,No,0,2,0,2,0,0,Country
29/01/2011,14.00.00,Yes,Vehicle overturned (no collision),OUT OF CONTROL ON CARRIAGEWAY (ON STRAIGHT),No,Day,No,Not at intersection,Serious injury accident,60 km/hr,145.73593,-37.83733,YARRA RANGES,METROPOLITAN SOUTH EAST REGION,1,1,0,1,0,0,1,0,0,0,0,0,0,1,0,0,0,0,0,0,No,0,1,0,0,1,0,Country
29/01/2011,11.45.00,No,Fall from or in moving vehicle,OUT OF CONTROL ON CARRIAGEWAY (ON BEND),No,Day,No,Not at intersection,Other injury accident,Not known,143.70486,-38.72747,COLAC OTWAY,SOUTH WESTERN REGION,1,1,0,0,1,0,1,0,0,0,0,0,0,1,0,0,0,0,0,0,No,0,1,0,0,1,0,Country
29/01/2011,12.00.00,No,Collision with vehicle,LEFT TURN SIDESWIPE,No,Day,No,T intersection,Other injury accident,60 km/hr,145.07076,-37.9853,KINGSTON,METROPOLITAN SOUTH EAST REGION,2,1,0,0,1,1,2,0,1,0,1,0,0,0,0,0,0,0,0,0,No,0,2,0,1,0,0,Metropolitan Excluding CBD
29/01/2011,16.15.00,Yes,Collision with vehicle,LEFT NEAR (INTERSECTIONS ONLY),No,Day,Yes,Cross intersection,Serious injury accident,60 km/hr,146.41242,-38.23379,LATROBE,EASTERN REGION,4,2,0,1,1,2,1,3,0,2,2,0,0,0,0,0,0,0,1,0,No,0,2,0,2,0,0,Small Provincial Cities
29/01/2011,13.00.00,No,Collision with vehicle,LEFT REAR,No,Day,No,Not at intersection,Other injury accident,70 km/hr,145.34511,-38.04225,CASEY,METROPOLITAN SOUTH EAST REGION,3,2,0,0,2,1,2,1,0,1,2,0,0,0,0,0,0,0,0,1,No,0,2,0,2,0,0,Metropolitan Excluding CBD
29/01/2011,20.30.00,Yes,collision with some other object,STRUCK OBJECT ON CARRIAGEWAY,No,Dusk/Dawn,No,Not at intersection,Serious injury accident,100 km/hr,144.2232,-36.5699,BENDIGO,NORTHERN REGION,1,1,0,1,0,0,1,0,0,0,0,0,0,1,0,0,0,0,0,0,Yes,0,1,0,0,1,0,Country
29/01/2011,18.30.00,Yes,Collision with a fixed object,OTHER ACCIDENTS ON CURVE NOT INCLUDED IN DCAs 180-184,No,Dusk/Dawn,No,Not at intersection,Other injury accident,100 km/hr,146.39073,-37.93033,BAW BAW,EASTERN REGION,1,1,0,0,1,0,0,1,0,0,1,0,0,0,0,0,0,0,0,0,No,0,1,0,1,0,0,Country
29/01/2011,11.28.00,No,Collision with a fixed object,RIGHT OFF CARRIAGEWAY INTO OBJECT/PARKED VEHICLE,No,Day,Yes,T intersection,Serious injury accident,100 km/hr,147.70514,-37.80453,EAST GIPPSLAND,EASTERN REGION,1,1,0,1,0,0,0,1,0,0,1,0,0,0,0,0,0,0,0,0,No,0,1,0,1,0,0,Country
30/01/2011,04.00.00,Yes,Vehicle overturned (no collision),OFF CARRIAGEWAY ON LEFT BEND,No,Dusk/Dawn,Yes,Not at intersection,Serious injury accident,100 km/hr,143.80307,-37.07321,CENTRAL GOLDFIELDS,WESTERN REGION,1,1,0,1,0,0,1,0,0,0,1,0,0,0,0,0,0,0,0,0,Yes,1,1,0,1,0,0,Country
30/01/2011,16.00.00,Yes,Struck Pedestrian,ANY MANOEUVRE INVOLVING PED NOT INCLUDED IN DCAs 100-108.,No,Day,No,Not at intersection,Serious injury accident,50 km/hr,145.29958,-38.01142,CASEY,METROPOLITAN SOUTH EAST REGION,2,1,0,1,0,1,1,1,0,0,1,1,0,0,0,0,0,0,0,1,No,0,1,0,1,0,0,Metropolitan Excluding CBD
30/01/2011,05.00.00,Yes,No collision and no object struck,OFF CARRIAGEWAY TO LEFT,No,Dark Street lights on,Yes,Not at intersection,Other injury accident,60 km/hr,144.96332,-37.72151,MORELAND,METROPOLITAN NORTH WEST REGION,2,1,0,0,1,1,1,0,1,0,0,0,0,0,1,0,0,0,0,0,No,0,2,0,0,0,0,Metropolitan Excluding CBD
30/01/2011,07.20.00,Yes,Collision with vehicle,LEFT NEAR (INTERSECTIONS ONLY),No,Day,Yes,T intersection,Other injury accident,60 km/hr,145.2642,-37.84149,KNOX,METROPOLITAN SOUTH EAST REGION,2,1,0,0,1,1,1,1,1,0,1,0,0,0,0,0,0,0,0,0,No,0,2,0,1,0,0,Metropolitan Excluding CBD
30/01/2011,10.10.00,No,Vehicle overturned (no collision),OUT OF CONTROL ON CARRIAGEWAY (ON BEND),No,Day,Yes,Not at intersection,Other injury accident,60 km/hr,144.94861,-38.35336,MORNINGTON PENINSULA,METROPOLITAN SOUTH EAST REGION,1,1,0,0,1,0,1,0,0,0,0,0,0,1,0,0,0,0,0,0,No,0,1,0,0,1,0,Small Towns
30/01/2011,09.30.00,Yes,Collision with vehicle,LEFT NEAR (INTERSECTIONS ONLY),No,Day,No,T intersection,Other injury accident,Not known,145.21183,-37.98263,DANDENONG,METROPOLITAN SOUTH EAST REGION,2,1,0,0,1,1,1,1,1,0,1,0,0,0,0,0,1,0,0,0,No,0,2,0,1,0,0,Metropolitan Excluding CBD
30/01/2011,11.15.00,No,collision with some other object,STRUCK OBJECT ON CARRIAGEWAY,No,Day,Yes,Not at intersection,Other injury accident,100 km/hr,145.16558,-36.70584,STRATHBOGIE,NORTH EASTERN REGION,1,1,0,0,1,0,0,1,0,0,1,0,0,0,0,0,0,0,0,1,No,0,1,0,1,0,0,Country
30/01/2011,08.07.00,Yes,Collision with a fixed object,RIGHT OFF CARRIAGEWAY INTO OBJECT/PARKED VEHICLE,No,Day,Yes,Not at intersection,Other injury accident,70 km/hr,145.24941,-37.56458,NILLUMBIK,METROPOLITAN NORTH WEST REGION,4,3,0,0,3,1,2,2,0,3,1,0,0,0,0,0,0,0,0,1,Yes,1,1,0,1,0,0,Country
30/01/2011,11.30.00,No,Struck Pedestrian,PED ON FOOTHPATH STRUCK BY VEHENTERING/LEAVING DRIVEWAY.,Yes,Day,No,Not at intersection,Serious injury accident,50 km/hr,144.57269,-37.69901,MELTON,METROPOLITAN NORTH WEST REGION,2,1,0,1,0,1,0,1,0,0,1,1,0,0,0,0,0,1,0,0,No,0,1,0,1,0,0,Small Provincial Cities
30/01/2011,11.00.00,No,Vehicle overturned (no collision),OFF CARRIAGEWAY TO LEFT,No,Day,Yes,Not at intersection,Other injury accident,50 km/hr,145.17453,-37.69074,NILLUMBIK,METROPOLITAN NORTH WEST REGION,1,1,0,0,1,0,0,1,0,0,1,0,0,0,0,0,0,0,0,1,No,0,1,0,1,0,0,Metropolitan Excluding CBD
30/01/2011,12.25.00,No,collision with some other object,STRUCK OBJECT ON CARRIAGEWAY,No,Day,Yes,Not at intersection,Other injury accident,80 km/hr,145.09671,-37.62517,WHITTLESEA,METROPOLITAN NORTH WEST REGION,2,1,0,0,1,1,1,1,0,1,1,0,0,0,0,0,0,0,0,0,No,0,1,0,1,0,0,Metropolitan Excluding CBD
30/01/2011,13.50.00,No,Collision with vehicle,REAR END(VEHICLES IN SAME LANE),No,Day,Yes,Cross intersection,Other injury accident,100 km/hr,145.09257,-38.23078,MORNINGTON PENINSULA,METROPOLITAN SOUTH EAST REGION,2,1,0,0,1,1,1,1,0,0,2,0,0,0,0,0,0,0,0,1,No,0,2,0,2,0,0,Metropolitan Excluding CBD
30/01/2011,12.30.00,No,Vehicle overturned (no collision),OFF CARRIAGEWAY TO RIGHT,No,Day,Yes,Not at intersection,Other injury accident,100 km/hr,144.90799,-37.39302,MACEDON RANGES,NORTHERN REGION,1,1,0,0,1,0,1,0,0,0,1,0,0,0,0,0,0,0,0,0,No,0,1,0,1,0,0,Country
30/01/2011,08.52.00,Yes,Collision with vehicle,REAR END(VEHICLES IN SAME LANE),No,Day,Yes,Not at intersection,Serious injury accident,80 km/hr,145.16897,-37.85762,WHITEHORSE,METROPOLITAN SOUTH EAST REGION,5,1,0,1,0,4,2,3,0,1,4,0,0,0,0,0,0,0,0,0,No,0,4,0,4,0,0,Metropolitan Excluding CBD
30/01/2011,12.25.00,No,Collision with vehicle,RIGHT THROUGH,No,Day,Yes,Cross intersection,Serious injury accident,60 km/hr,145.06905,-37.75973,BANYULE,METROPOLITAN NORTH WEST REGION,5,3,0,1,2,2,3,1,0,3,2,0,0,0,0,0,0,0,1,0,No,0,2,0,2,0,0,Metropolitan Excluding CBD
30/01/2011,13.20.00,No,No collision and no object struck,OUT OF CONTROL ON CARRIAGEWAY (ON STRAIGHT),No,Day,Yes,Not at intersection,Other injury accident,50 km/hr,143.84324,-37.54541,BALLARAT,WESTERN REGION,1,1,0,0,1,0,1,0,1,0,0,0,0,0,0,0,0,0,0,0,No,0,1,0,0,0,0,Large Provincial Cities
30/01/2011,13.15.00,No,Collision with a fixed object,LEFT OFF CARRIAGEWAY INTO OBJECT/PARKED VEHICLE,No,Day,Yes,Not at intersection,Serious injury accident,50 km/hr,145.09381,-37.93242,KINGSTON,METROPOLITAN SOUTH EAST REGION,1,1,0,1,0,0,0,1,0,0,1,0,0,0,0,0,0,0,0,1,No,0,1,0,1,0,0,Metropolitan Excluding CBD
30/01/2011,09.00.00,Yes,Collision with vehicle,REAR END(VEHICLES IN SAME LANE),No,Day,Yes,Not at intersection,Serious injury accident,60 km/hr,145.01738,-37.97871,BAYSIDE,METROPOLITAN SOUTH EAST REGION,2,1,0,1,0,1,1,1,2,0,0,0,0,0,0,0,0,0,0,0,No,0,2,0,0,0,0,Metropolitan Excluding CBD
30/01/2011,13.40.00,No,Collision with a fixed object,RIGHT OFF CARRIAGEWAY INTO OBJECT/PARKED VEHICLE,No,Day,Yes,Cross intersection,Other injury accident,60 km/hr,144.28692,-36.74704,BENDIGO,NORTHERN REGION,1,1,0,0,1,0,1,0,0,0,1,0,0,0,0,0,0,0,0,0,No,0,1,0,1,0,0,Large Provincial Cities
30/01/2011,14.50.00,No,Collision with vehicle,RIGHT TURN SIDESWIPE,No,Day,Yes,Cross intersection,Other injury accident,100 km/hr,145.12729,-38.3535,MORNINGTON PENINSULA,METROPOLITAN SOUTH EAST REGION,3,1,0,0,1,2,2,1,0,1,2,0,0,0,0,0,0,0,0,0,No,0,2,0,2,0,0,Country
30/01/2011,11.04.00,No,Collision with vehicle,RIGHT THROUGH,No,Day,Yes,T intersection,Other injury accident,70 km/hr,144.71814,-37.87496,WYNDHAM,METROPOLITAN NORTH WEST REGION,5,2,0,0,2,3,1,4,0,2,3,0,0,0,0,0,0,0,0,1,No,0,3,0,3,0,0,Metropolitan Excluding CBD
30/01/2011,09.45.00,Yes,Collision with a fixed object,OFF LEFT BEND INTO OBJECT/PARKED VEHICLE,No,Day,Yes,Not at intersection,Other injury accident,100 km/hr,147.31188,-36.1466,TOWONG,NORTH EASTERN REGION,1,1,0,0,1,0,1,0,0,0,0,0,0,1,0,0,0,0,0,0,No,0,1,0,0,1,0,Country
30/01/2011,02.25.00,Yes,Collision with a fixed object,OFF RIGHT BEND INTO OBJECT/PARKED VEHICLE,No,Dark Street lights on,Yes,Not at intersection,Serious injury accident,60 km/hr,145.05213,-37.98587,KINGSTON,METROPOLITAN SOUTH EAST REGION,4,4,0,4,0,0,3,1,0,3,1,0,0,0,0,0,0,0,0,1,Yes,0,1,0,1,0,0,Metropolitan Excluding CBD
30/01/2011,15.25.00,No,Collision with vehicle,OTHER ON PATH,No,Day,Yes,Not at intersection,Other injury accident,60 km/hr,145.12293,-38.07817,KINGSTON,METROPOLITAN SOUTH EAST REGION,1,1,0,0,1,0,0,1,0,0,1,0,0,0,0,0,0,0,0,0,No,0,3,0,3,0,0,Metropolitan Excluding CBD
30/01/2011,15.50.00,No,Collision with vehicle,LANE CHANGE LEFT (NOT OVERTAKING),No,Day,Yes,T intersection,Serious injury accident,100 km/hr,149.5928,-37.47573,EAST GIPPSLAND,EASTERN REGION,4,3,0,3,0,1,2,2,0,2,2,0,0,0,0,0,0,0,0,0,No,0,2,0,2,0,0,Country
30/01/2011,18.11.00,Yes,Collision with a fixed object,RIGHT OFF CARRIAGEWAY INTO OBJECT/PARKED VEHICLE,No,Day,Yes,T intersection,Other injury accident,60 km/hr,144.84779,-37.77545,BRIMBANK,METROPOLITAN NORTH WEST REGION,1,1,0,0,1,0,1,0,0,0,1,0,0,0,0,0,0,0,0,0,No,0,1,0,1,0,0,Metropolitan Excluding CBD
30/01/2011,18.15.00,Yes,Collision with vehicle,RIGHT THROUGH,No,Day,Yes,Cross intersection,Other injury accident,80 km/hr,145.24365,-37.85275,KNOX,METROPOLITAN SOUTH EAST REGION,3,1,0,0,1,2,1,2,0,1,2,0,0,0,0,0,0,0,0,0,No,0,2,0,2,0,0,Metropolitan Excluding CBD
30/01/2011,18.20.00,No,Collision with vehicle,HEAD ON (NOT OVERTAKING),No,Day,Yes,Not at intersection,Other injury accident,100 km/hr,145.46843,-38.21146,CARDINIA,METROPOLITAN SOUTH EAST REGION,5,2,0,0,2,3,2,1,0,3,2,0,0,0,0,0,0,0,0,0,No,0,2,0,2,0,0,Country
30/01/2011,20.05.00,No,Vehicle overturned (no collision),OFF CARRIAGEWAY TO LEFT,No,Day,Yes,Not at intersection,Other injury accident,60 km/hr,145.03686,-37.93605,KINGSTON,METROPOLITAN SOUTH EAST REGION,1,1,0,0,1,0,1,0,0,0,1,0,0,0,0,0,0,0,0,1,No,0,1,0,1,0,0,Metropolitan Excluding CBD
30/01/2011,18.30.00,Yes,Collision with vehicle,LEFT REAR,No,Day,Yes,Not at intersection,Other injury accident,60 km/hr,144.3903,-38.18124,GEELONG,SOUTH WESTERN REGION,2,1,0,0,1,1,1,1,0,0,2,0,0,0,0,0,0,0,0,1,No,1,2,0,2,0,0,Large Provincial Cities
30/01/2011,04.30.00,Yes,Collision with vehicle,REAR END(VEHICLES IN SAME LANE),No,Dusk/Dawn,No,Not at intersection,Serious injury accident,80 km/hr,145.37239,-37.88004,YARRA RANGES,METROPOLITAN SOUTH EAST REGION,2,2,0,1,1,0,2,0,0,0,0,0,0,2,0,0,0,0,0,0,No,0,2,0,0,2,0,Metropolitan Excluding CBD
30/01/2011,19.22.00,Yes,Struck Pedestrian,PED NEAR SIDE. PED HIT BY VEHICLE FROM THE RIGHT.,No,Day,Yes,Cross intersection,Other injury accident,60 km/hr,144.97572,-37.79305,MELBOURNE,METROPOLITAN NORTH WEST REGION,2,1,0,0,1,1,2,0,0,0,1,1,0,0,0,0,0,0,0,0,No,0,1,0,1,0,0,Metropolitan Excluding CBD
30/01/2011,12.40.00,No,Vehicle overturned (no collision),OFF CARRIAGEWAY TO RIGHT,No,Day,Yes,Not at intersection,Other injury accident,100 km/hr,143.27781,-37.94718,CORANGAMITE,SOUTH WESTERN REGION,3,1,0,0,1,2,1,2,0,2,1,0,0,0,0,0,0,0,0,0,No,0,1,0,1,0,0,Country
30/01/2011,17.30.00,Yes,Collision with a fixed object,OFF RIGHT BEND INTO OBJECT/PARKED VEHICLE,No,Day,No,Not at intersection,Other injury accident,100 km/hr,143.72456,-38.62,COLAC OTWAY,SOUTH WESTERN REGION,1,1,0,0,1,0,1,0,0,0,0,0,0,1,0,0,0,0,0,0,No,0,1,0,0,1,0,Country
30/01/2011,09.30.00,Yes,No collision and no object struck,OUT OF CONTROL ON CARRIAGEWAY (ON STRAIGHT),No,Day,No,Cross intersection,Other injury accident,60 km/hr,145.01024,-37.77903,DAREBIN,METROPOLITAN NORTH WEST REGION,1,1,0,0,1,0,1,0,0,0,0,0,0,1,0,0,0,0,0,0,No,0,1,0,0,1,0,Metropolitan Excluding CBD
30/01/2011,16.30.00,Yes,Collision with vehicle,VEHICLE OFF FOOTPATH STRIKES VEH ON CARRIAGEWAY,No,Day,No,T intersection,Other injury accident,40 km/hr,144.96083,-37.77474,MORELAND,METROPOLITAN NORTH WEST REGION,2,1,0,0,1,1,1,1,1,0,1,0,0,0,0,0,0,0,0,1,No,0,2,0,1,0,0,Metropolitan Excluding CBD
30/01/2011,23.30.00,Yes,Collision with a fixed object,LEFT OFF CARRIAGEWAY INTO OBJECT/PARKED VEHICLE,No,Dark No street lights,No,Not at intersection,Other injury accident,100 km/hr,144.09762,-37.32057,HEPBURN,WESTERN REGION,1,1,0,0,1,0,0,1,0,0,1,0,0,0,0,0,0,0,0,0,No,0,1,0,1,0,0,Country
31/01/2011,03.16.00,Yes,Struck Pedestrian,PED PLAYING/LYING/WORKING/STANDING ON CARRIAGEWAY.,No,Dark Street lights on,Yes,Not at intersection,Serious injury accident,60 km/hr,144.86434,-37.75114,MOONEE VALLEY,METROPOLITAN NORTH WEST REGION,2,1,0,1,0,1,1,0,0,0,1,1,0,0,0,0,0,0,0,0,No,0,1,0,1,0,0,Metropolitan Excluding CBD
31/01/2011,08.00.00,No,collision with some other object,STRUCK OBJECT ON CARRIAGEWAY,No,Day,No,Not at intersection,Serious injury accident,100 km/hr,143.42833,-38.48908,COLAC OTWAY,SOUTH WESTERN REGION,1,1,0,1,0,0,1,0,0,0,0,0,0,1,0,0,0,0,0,0,No,0,1,0,0,1,0,Country
31/01/2011,08.20.00,No,Collision with vehicle,CROSS TRAFFIC(INTERSECTIONS ONLY),No,Day,Yes,Cross intersection,Other injury accident,60 km/hr,145.04572,-37.85366,STONNINGTON,METROPOLITAN SOUTH EAST REGION,2,1,0,0,1,1,0,2,0,0,2,0,0,0,0,0,0,0,0,1,No,0,2,0,2,0,0,Metropolitan Excluding CBD
31/01/2011,09.35.00,No,Collision with vehicle,OTHER ADJACENT (INTERSECTIONS ONLY),No,Day,Yes,T intersection,Other injury accident,50 km/hr,145.34634,-38.03127,CASEY,METROPOLITAN SOUTH EAST REGION,2,1,0,0,1,1,1,1,0,0,2,0,0,0,0,0,0,0,0,1,No,0,2,0,2,0,0,Metropolitan Excluding CBD
31/01/2011,08.00.00,No,Collision with vehicle,REAR END(VEHICLES IN SAME LANE),No,Day,Yes,Not at intersection,Serious injury accident,100 km/hr,144.88012,-37.73244,MOONEE VALLEY,METROPOLITAN NORTH WEST REGION,2,1,0,1,0,1,2,0,0,0,1,0,0,1,0,0,0,0,0,1,No,0,2,0,1,1,0,Metropolitan Excluding CBD
31/01/2011,11.00.00,No,Collision with a fixed object,RIGHT OFF CARRIAGEWAY INTO OBJECT/PARKED VEHICLE,No,Day,No,Multiple intersection,Other injury accident,100 km/hr,145.05264,-37.85222,STONNINGTON,METROPOLITAN SOUTH EAST REGION,1,1,0,0,1,0,1,0,0,0,0,0,0,1,0,0,0,0,0,0,No,0,1,0,0,1,0,Metropolitan Excluding CBD
31/01/2011,09.25.00,No,Collision with vehicle,HEAD ON (NOT OVERTAKING),No,Day,Yes,Not at intersection,Other injury accident,100 km/hr,141.80033,-37.86729,SOUTHERN GRAMPIANS,SOUTH WESTERN REGION,2,1,0,0,1,1,2,0,0,0,2,0,0,0,0,0,0,0,0,0,No,0,2,1,1,0,0,Country
31/01/2011,13.15.00,No,No collision and no object struck,OUT OF CONTROL ON CARRIAGEWAY (ON STRAIGHT),No,Day,Yes,T intersection,Other injury accident,50 km/hr,146.85479,-36.13217,WODONGA,NORTH EASTERN REGION,3,1,0,0,1,2,1,2,0,1,1,0,0,1,0,0,0,0,0,1,No,0,2,0,1,1,0,Small Provincial Cities
31/01/2011,14.50.00,No,Collision with vehicle,LEFT NEAR (INTERSECTIONS ONLY),No,Day,Yes,Multiple intersection,Other injury accident,60 km/hr,146.89358,-36.11031,WODONGA,NORTH EASTERN REGION,3,1,0,0,1,2,2,1,0,1,2,0,0,0,0,0,0,0,0,0,No,0,2,0,2,0,0,Small Provincial Cities
31/01/2011,13.55.00,No,Collision with vehicle,RIGHT THROUGH,No,Day,Yes,T intersection,Other injury accident,80 km/hr,145.26364,-38.00505,CASEY,METROPOLITAN SOUTH EAST REGION,2,2,0,0,2,0,2,0,0,0,2,0,0,0,0,0,0,0,0,2,No,0,2,0,2,0,0,Metropolitan Excluding CBD
31/01/2011,10.32.00,No,Collision with vehicle,REAR END(VEHICLES IN SAME LANE),No,Day,Yes,T intersection,Serious injury accident,60 km/hr,144.98391,-37.79395,YARRA,METROPOLITAN NORTH WEST REGION,5,1,0,1,0,4,3,2,0,2,3,0,0,0,0,0,0,0,1,0,No,0,3,0,3,0,0,Metropolitan Excluding CBD
31/01/2011,14.50.00,No,Collision with a fixed object,OTHER ACCIDENTS-OFF STRAIGHT NOT INCLUDED IN DCAs 170-175,No,Day,Yes,Not at intersection,Serious injury accident,50 km/hr,144.591,-38.16491,GEELONG,SOUTH WESTERN REGION,1,1,0,1,0,0,1,0,0,0,0,0,0,1,0,0,0,0,0,0,No,1,1,0,0,1,0,Country
31/01/2011,14.42.00,No,Collision with a fixed object,OTHER ACCIDENTS-OFF STRAIGHT NOT INCLUDED IN DCAs 170-175,No,Day,Yes,Not at intersection,Other injury accident,40 km/hr,145.00178,-37.81706,YARRA,METROPOLITAN NORTH WEST REGION,4,2,0,0,2,2,1,3,0,3,1,0,0,0,0,0,0,0,0,0,No,0,1,0,1,0,0,Metropolitan Excluding CBD
31/01/2011,15.20.00,No,Collision with vehicle,LANE CHANGE RIGHT (NOT OVERTAKING),No,Day,Yes,Not at intersection,Other injury accident,60 km/hr,145.06436,-37.74327,BANYULE,METROPOLITAN NORTH WEST REGION,2,1,0,0,1,1,2,0,0,0,1,0,0,1,0,0,0,0,0,0,No,1,2,1,0,1,0,Metropolitan Excluding CBD
31/01/2011,14.15.00,No,Collision with vehicle,VEHICLE STRIKES ANOTHER VEH WHILE EMERGING FROM DRIVEWAY,No,Day,Yes,Not at intersection,Other injury accident,50 km/hr,145.04116,-37.90391,GLEN EIRA,METROPOLITAN SOUTH EAST REGION,3,1,0,0,1,2,2,1,0,1,2,0,0,0,0,0,0,0,0,1,No,0,2,0,2,0,0,Metropolitan Excluding CBD
31/01/2011,17.30.00,No,Collision with vehicle,LEFT TURN SIDESWIPE,No,Day,Yes,T intersection,Serious injury accident,50 km/hr,145.09396,-38.19894,MORNINGTON PENINSULA,METROPOLITAN SOUTH EAST REGION,2,1,0,1,0,1,1,1,0,0,1,0,0,1,0,0,0,0,0,0,No,0,2,0,1,1,0,Metropolitan Excluding CBD
31/01/2011,16.10.00,No,Vehicle overturned (no collision),OFF CARRIAGEWAY ON RIGHT BEND,No,Day,Yes,Not at intersection,Other injury accident,100 km/hr,141.54498,-36.29559,HINDMARSH,WESTERN REGION,2,2,0,0,2,0,2,0,0,1,1,0,0,0,0,0,0,0,0,0,No,0,1,0,1,0,0,Country
31/01/2011,17.50.00,No,Collision with vehicle,CROSS TRAFFIC(INTERSECTIONS ONLY),No,Day,Yes,Cross intersection,Other injury accident,60 km/hr,145.2696,-37.81057,MAROONDAH,METROPOLITAN SOUTH EAST REGION,3,1,0,0,1,2,1,1,0,1,2,0,0,0,0,0,0,0,0,0,No,0,2,0,2,0,0,Metropolitan Excluding CBD
31/01/2011,17.10.00,No,Collision with vehicle,HEAD ON (NOT OVERTAKING),No,Day,Yes,Not at intersection,Other injury accident,100 km/hr,142.77119,-38.31041,MOYNE,SOUTH WESTERN REGION,3,3,0,0,3,0,1,2,0,1,2,0,0,0,0,0,0,0,0,0,No,0,2,0,2,0,0,Country
31/01/2011,15.55.00,No,Collision with vehicle,REAR END(VEHICLES IN SAME LANE),No,Day,Yes,Not at intersection,Fatal accident,100 km/hr,145.10971,-37.8868,MONASH,METROPOLITAN SOUTH EAST REGION,2,1,1,0,0,1,1,1,0,0,2,0,0,0,0,0,0,0,0,0,No,0,2,1,1,0,0,Metropolitan Excluding CBD
31/01/2011,15.20.00,No,Collision with vehicle,REAR END(VEHICLES IN SAME LANE),No,Day,Yes,T intersection,Other injury accident,70 km/hr,145.19464,-37.83623,WHITEHORSE,METROPOLITAN SOUTH EAST REGION,3,1,0,0,1,2,1,2,0,0,3,0,0,0,0,0,0,0,0,0,No,0,4,1,3,0,0,Metropolitan Excluding CBD
31/01/2011,19.50.00,Yes,Struck Pedestrian,FAR SIDE. PED HIT BY VEHICLE FROM THE LEFT,No,Day,Yes,Not at intersection,Serious injury accident,50 km/hr,144.75953,-37.76855,BRIMBANK,METROPOLITAN NORTH WEST REGION,2,1,0,1,0,1,2,0,0,0,1,1,0,0,0,0,1,0,0,1,No,0,1,0,1,0,0,Metropolitan Excluding CBD