ACCIDENT_DATE,ACCIDENT_TIME,ALCOHOLTIME,ACCIDENT_TYPE,DCA_CODE,HIT_RUN_FLAG,LIGHT_CONDITION,POLICE_ATTEND,ROAD_GEOMETRY,SEVERITY,SPEED_ZONE,LONGITUDE,LATITUDE,LGA_NAME,REGION_NAME,TOTAL_PERSONS,INJ_OR_FATAL,FATALITY,SERIOUSINJURY,OTHERINJURY,NONINJURED,MALES,FEMALES,BICYCLIST,PASSENGER,DRIVER,PEDESTRIAN,PILLION,MOTORIST,UNKNOWN,PED_CYCLIST_5_12,PED_CYCLIST_13_18,OLD_PEDESTRIAN,OLD_DRIVER,YOUNG_DRIVER,ALCOHOL_RELATED,UNLICENCSED,NO_OF_VEHICLES,HEAVYVEHICLE,PASSENGERVEHICLE,MOTORCYCLE,PUBLICVEHICLE,DEG_URBAN_NAME
31/01/2011,22.00.00,Yes,collision with some other object,STRUCK OBJECT ON CARRIAGEWAY,No,Dark Street lights unknown,No,Cross intersection,Serious injury accident,60 km/hr,143.92912,-37.57501,BALLARAT,WESTERN REGION,1,1,0,1,0,0,1,0,0,0,0,0,0,1,0,0,0,0,0,0,No,0,1,0,0,1,0,Country
31/01/2011,21.40.00,Yes,Struck Pedestrian,PED WALKING WITH TRAFFIC,Yes,Dark Street lights unknown,No,T intersection,Other injury accident,80 km/hr,145.27184,-38.01341,CASEY,METROPOLITAN SOUTH EAST REGION,2,1,0,0,1,1,1,0,0,0,1,1,0,0,0,0,0,0,0,0,No,0,1,0,1,0,0,Metropolitan Excluding CBD
31/01/2011,21.38.00,Yes,Collision with vehicle,RIGHT NEAR (INTERSECTIONS ONLY),No,Dark Street lights on,Yes,Cross intersection,Serious injury accident,60 km/hr,145.23749,-37.81102,MAROONDAH,METROPOLITAN SOUTH EAST REGION,2,1,0,1,0,1,2,0,0,0,2,0,0,0,0,0,0,0,0,0,No,0,2,0,2,0,0,Metropolitan Excluding CBD
31/01/2011,22.05.00,Yes,Fall from or in moving vehicle,FELL IN/FROM VEHICLE,No,Dark Street lights on,Yes,Not at intersection,Serious injury accident,60 km/hr,145.51012,-38.09155,CARDINIA,METROPOLITAN SOUTH EAST REGION,4,1,0,1,0,3,3,1,0,3,1,0,0,0,0,0,0,0,0,0,No,0,1,0,1,0,0,Country
31/01/2011,23.05.00,Yes,Collision with vehicle,ACCIDENT OR BROKEN DOWN,No,Dark Street lights off,Yes,Not at intersection,Other injury accident,100 km/hr,144.8231,-37.82481,HOBSONS BAY,METROPOLITAN NORTH WEST REGION,2,2,0,0,2,0,1,1,0,0,2,0,0,0,0,0,0,0,0,0,No,0,2,0,2,0,0,Metropolitan Excluding CBD
31/01/2011,18.15.00,Yes,Collision with a fixed object,LEFT OFF CARRIAGEWAY INTO OBJECT/PARKED VEHICLE,No,Day,No,Not at intersection,Serious injury accident,50 km/hr,145.21793,-37.8252,MAROONDAH,METROPOLITAN SOUTH EAST REGION,1,1,0,1,0,0,1,0,0,0,1,0,0,0,0,0,0,0,0,1,No,0,1,0,1,0,0,Metropolitan Excluding CBD
31/01/2011,14.15.00,No,Collision with vehicle,U TURN,No,Day,Yes,T intersection,Other injury accident,70 km/hr,145.18362,-38.30305,MORNINGTON PENINSULA,METROPOLITAN SOUTH EAST REGION,3,1,0,0,1,2,1,2,0,1,2,0,0,0,0,0,0,0,1,1,No,0,2,0,2,0,0,Metropolitan Excluding CBD
31/01/2011,20.00.00,Yes,Collision with vehicle,RIGHT THROUGH,No,Day,Yes,T intersection,Serious injury accident,60 km/hr,144.80051,-37.7443,BRIMBANK,METROPOLITAN NORTH WEST REGION,9,3,0,1,2,6,2,2,0,6,3,0,0,0,0,0,0,0,0,1,No,0,3,0,2,0,1,Metropolitan Excluding CBD
31/01/2011,21.46.00,Yes,Struck Pedestrian,FAR SIDE. PED HIT BY VEHICLE FROM THE LEFT,No,Dark Street lights on,Yes,T intersection,Serious injury accident,60 km/hr,144.933,-37.78842,MELBOURNE,METROPOLITAN NORTH WEST REGION,2,1,0,1,0,1,2,0,0,0,1,1,0,0,0,0,0,0,0,0,No,0,1,0,1,0,0,Metropolitan Excluding CBD
31/01/2011,06.45.00,No,Collision with vehicle,CROSS TRAFFIC(INTERSECTIONS ONLY),No,Day,No,Cross intersection,Other injury accident,60 km/hr,145.47998,-36.4177,SHEPPARTON,NORTH EASTERN REGION,2,1,0,0,1,1,2,0,1,0,1,0,0,0,0,0,0,0,0,1,No,0,2,0,1,0,0,Country
31/01/2011,20.00.00,Yes,Collision with vehicle,REAR END(VEHICLES IN SAME LANE),No,Dusk/Dawn,No,Cross intersection,Serious injury accident,70 km/hr,144.77639,-37.75997,BRIMBANK,METROPOLITAN NORTH WEST REGION,2,1,0,1,0,1,0,2,0,0,2,0,0,0,0,0,0,0,0,1,No,0,2,0,2,0,0,Metropolitan Excluding CBD
31/01/2011,12.00.00,No,Collision with a fixed object,RIGHT OFF CARRIAGEWAY INTO OBJECT/PARKED VEHICLE,No,Day,Yes,Cross intersection,Other injury accident,70 km/hr,144.77783,-37.7526,BRIMBANK,METROPOLITAN NORTH WEST REGION,1,1,0,0,1,0,0,1,0,0,1,0,0,0,0,0,0,0,0,0,No,1,1,0,1,0,0,Metropolitan Excluding CBD
31/01/2011,16.20.00,No,Collision with vehicle,LANE CHANGE LEFT (NOT OVERTAKING),No,Day,Yes,Not at intersection,Other injury accident,100 km/hr,145.08069,-37.8774,STONNINGTON,METROPOLITAN SOUTH EAST REGION,2,1,0,0,1,1,2,0,0,0,2,0,0,0,0,0,0,0,0,0,No,0,2,1,1,0,0,Metropolitan Excluding CBD
31/01/2011,16.45.00,No,Collision with vehicle,REAR END(VEHICLES IN SAME LANE),No,Day,Yes,Cross intersection,Serious injury accident,50 km/hr,144.78237,-37.81313,BRIMBANK,METROPOLITAN NORTH WEST REGION,2,1,0,1,0,1,2,0,0,0,1,0,0,1,0,0,0,0,0,0,No,0,2,0,1,1,0,Metropolitan Excluding CBD
31/01/2011,11.15.00,No,Collision with a fixed object,OFF RIGHT BEND INTO OBJECT/PARKED VEHICLE,No,Day,Yes,Not at intersection,Serious injury accident,100 km/hr,145.65588,-37.56419,MURRINDINDI,NORTH EASTERN REGION,1,1,0,1,0,0,1,0,0,0,1,0,0,0,0,0,0,0,0,0,No,0,1,1,0,0,0,Country
31/01/2011,07.30.00,No,No collision and no object struck,OUT OF CONTROL ON CARRIAGEWAY (ON STRAIGHT),No,Day,No,Cross intersection,Other injury accident,50 km/hr,145.24987,-37.80275,MAROONDAH,METROPOLITAN SOUTH EAST REGION,2,1,0,0,1,1,1,0,1,0,1,0,0,0,0,0,0,0,0,0,No,0,2,0,1,0,0,Metropolitan Excluding CBD
31/01/2011,15.40.00,No,Vehicle overturned (no collision),OUT OF CONTROL ON CARRIAGEWAY (ON STRAIGHT),No,Day,No,Cross intersection,Other injury accident,Not known,144.29188,-36.73136,BENDIGO,NORTHERN REGION,2,1,0,0,1,1,1,1,0,0,1,0,0,1,0,0,0,0,0,0,No,0,2,0,1,1,0,Large Provincial Cities
31/01/2011,15.26.00,No,No collision and no object struck,OTHER ACCIDENTS NOT CLASSIFIABLE ELSEWHERE,No,Day,No,Not at intersection,Other injury accident,Not known,144.7902,-37.84788,HOBSONS BAY,METROPOLITAN NORTH WEST REGION,1,1,0,0,1,0,0,1,0,0,1,0,0,0,0,0,0,0,0,0,No,0,1,0,1,0,0,Metropolitan Excluding CBD
1/02/2011,00.30.00,Yes,Collision with a fixed object,OFF RIGHT BEND INTO OBJECT/PARKED VEHICLE,No,Dark No street lights,Yes,Not at intersection,Serious injury accident,60 km/hr,145.35265,-37.83666,YARRA RANGES,METROPOLITAN SOUTH EAST REGION,4,3,0,1,2,1,3,1,0,3,1,0,0,0,0,0,0,0,0,1,No,0,1,0,1,0,0,Metropolitan Excluding CBD
1/02/2011,08.06.00,No,Collision with a fixed object,PERMANENT OBSTRUCTION ON CARRIAGEWAY,No,Day,Yes,T intersection,Other injury accident,40 km/hr,144.98028,-37.64701,WHITTLESEA,METROPOLITAN NORTH WEST REGION,2,2,0,0,2,0,1,1,0,0,1,1,0,0,0,0,0,0,1,0,No,0,1,0,1,0,0,Country
1/02/2011,08.00.00,No,Collision with vehicle,RIGHT THROUGH,No,Day,Yes,T intersection,Other injury accident,70 km/hr,145.21551,-37.99189,DANDENONG,METROPOLITAN SOUTH EAST REGION,2,1,0,0,1,1,2,0,0,0,2,0,0,0,0,0,0,0,0,0,No,0,2,0,2,0,0,Metropolitan Excluding CBD
1/02/2011,08.35.00,No,Collision with vehicle,REAR END(VEHICLES IN SAME LANE),No,Day,Yes,Not at intersection,Other injury accident,100 km/hr,145.16486,-37.80238,WHITEHORSE,METROPOLITAN SOUTH EAST REGION,3,1,0,0,1,2,3,0,0,0,3,0,0,0,0,0,0,0,0,0,No,0,3,0,3,0,0,Metropolitan Excluding CBD
1/02/2011,07.30.00,No,Struck Pedestrian,ANY MANOEUVRE INVOLVING PED NOT INCLUDED IN DCAs 100-108.,Yes,Day,No,Not at intersection,Other injury accident,Not known,144.97523,-37.79799,YARRA,METROPOLITAN NORTH WEST REGION,2,2,0,0,2,0,1,0,0,0,1,1,0,0,0,0,0,0,0,0,No,0,1,0,1,0,0,Metropolitan Excluding CBD
1/02/2011,09.05.00,No,Collision with vehicle,CROSS TRAFFIC(INTERSECTIONS ONLY),No,Day,Yes,Cross intersection,Serious injury accident,40 km/hr,144.97726,-37.79894,YARRA,METROPOLITAN NORTH WEST REGION,2,1,0,1,0,1,1,1,1,0,1,0,0,0,0,0,0,0,0,0,No,0,2,0,1,0,0,Metropolitan Excluding CBD
1/02/2011,07.30.00,No,Collision with vehicle,STRUCK TRAIN,No,Day,Yes,Unknown,Serious injury accident,100 km/hr,142.1852,-34.36472,MILDURA,WESTERN REGION,6,4,0,1,3,2,6,0,0,4,2,0,0,0,0,0,0,0,0,0,No,0,2,0,1,0,1,Country
1/02/2011,00.00.00,Yes,Collision with a fixed object,OFF LEFT BEND INTO OBJECT/PARKED VEHICLE,No,Unk.,No,Not at intersection,Other injury accident,Not known,145.93516,-38.10246,BAW BAW,EASTERN REGION,1,1,0,0,1,0,1,0,0,0,1,0,0,0,0,0,0,0,0,0,No,0,1,0,1,0,0,Country
1/02/2011,10.00.00,No,Collision with vehicle,REAR END(VEHICLES IN SAME LANE),No,Day,Yes,T intersection,Other injury accident,60 km/hr,145.03726,-37.84452,STONNINGTON,METROPOLITAN SOUTH EAST REGION,7,2,0,0,2,5,5,2,0,4,3,0,0,0,0,0,0,0,1,0,No,0,3,0,3,0,0,Metropolitan Excluding CBD
1/02/2011,08.05.00,No,Collision with vehicle,RIGHT THROUGH,No,Day,Yes,T intersection,Serious injury accident,60 km/hr,144.2159,-37.05594,MOUNT ALEXANDER,NORTHERN REGION,3,1,0,1,0,2,0,3,1,1,1,0,0,0,0,0,0,0,0,0,No,0,2,0,1,0,0,Other Towns
1/02/2011,13.30.00,No,Collision with vehicle,LEFT NEAR (INTERSECTIONS ONLY),No,Day,Yes,T intersection,Other injury accident,50 km/hr,144.8896,-37.79068,MARIBYRNONG,METROPOLITAN NORTH WEST REGION,3,2,0,0,2,1,0,2,0,0,3,0,0,0,0,0,0,0,0,1,No,0,3,0,3,0,0,Metropolitan Excluding CBD
1/02/2011,08.40.00,No,Collision with vehicle,REAR END(VEHICLES IN SAME LANE),No,Day,Yes,Not at intersection,Other injury accident,100 km/hr,145.14289,-38.04756,KINGSTON,METROPOLITAN SOUTH EAST REGION,3,1,0,0,1,2,2,1,0,0,3,0,0,0,0,0,0,0,0,1,No,0,3,0,3,0,0,Metropolitan Excluding CBD
1/02/2011,17.00.00,No,Collision with vehicle,CROSS TRAFFIC(INTERSECTIONS ONLY),No,Day,Yes,Cross intersection,Other injury accident,70 km/hr,144.99313,-37.75879,DAREBIN,METROPOLITAN NORTH WEST REGION,5,1,0,0,1,4,5,0,0,3,2,0,0,0,0,0,0,0,0,0,No,0,2,1,1,0,0,Metropolitan Excluding CBD
1/02/2011,14.00.00,No,Collision with vehicle,HEAD ON (NOT OVERTAKING),No,Day,Yes,Not at intersection,Serious injury accident,100 km/hr,143.684,-37.89946,GOLDEN PLAINS,SOUTH WESTERN REGION,6,6,0,3,3,0,2,4,0,4,2,0,0,0,0,0,0,0,0,1,No,0,2,0,2,0,0,Country
1/02/2011,15.45.00,No,Collision with a fixed object,LEFT OFF CARRIAGEWAY INTO OBJECT/PARKED VEHICLE,No,Day,Yes,Not at intersection,Serious injury accident,70 km/hr,145.30561,-37.93429,YARRA RANGES,METROPOLITAN SOUTH EAST REGION,2,1,0,1,0,1,2,0,0,0,1,0,0,1,0,0,0,0,0,0,Yes,0,2,0,1,1,0,Country
1/02/2011,13.50.00,No,Vehicle overturned (no collision),OFF CARRIAGEWAY TO LEFT,No,Day,Yes,Not at intersection,Fatal accident,110 km/hr,146.3242,-36.39968,WANGARATTA,NORTH EASTERN REGION,2,2,1,0,1,0,1,1,0,1,1,0,0,0,0,0,0,0,0,0,No,0,1,0,1,0,0,Country
1/02/2011,18.10.00,Yes,Collision with vehicle,REAR END(VEHICLES IN SAME LANE),No,Day,Yes,Cross intersection,Other injury accident,60 km/hr,145.01773,-37.8718,GLEN EIRA,METROPOLITAN SOUTH EAST REGION,2,1,0,0,1,1,1,1,0,0,2,0,0,0,0,0,0,0,0,0,No,0,2,0,2,0,0,Metropolitan Excluding CBD
1/02/2011,16.50.00,No,Collision with vehicle,U TURN,No,Day,Yes,Not at intersection,Other injury accident,100 km/hr,144.9675,-36.35536,CAMPASPE,NORTHERN REGION,4,2,0,0,2,2,1,3,0,2,2,0,0,0,0,0,0,0,0,1,No,0,2,0,2,0,0,Country
1/02/2011,18.00.00,Yes,Collision with a fixed object,OFF RIGHT BEND INTO OBJECT/PARKED VEHICLE,No,Day,Yes,Not at intersection,Serious injury accident,70 km/hr,145.44491,-37.99523,CARDINIA,METROPOLITAN SOUTH EAST REGION,1,1,0,1,0,0,0,1,0,0,1,0,0,0,0,0,0,0,0,1,No,0,1,0,1,0,0,Country
1/02/2011,21.00.00,Yes,Collision with vehicle,CROSS TRAFFIC(INTERSECTIONS ONLY),No,Dark Street lights on,Yes,Cross intersection,Other injury accident,50 km/hr,144.74301,-37.35069,MACEDON RANGES,NORTHERN REGION,8,1,0,0,1,7,5,3,0,6,2,0,0,0,0,0,0,0,0,1,No,0,2,0,2,0,0,Other Towns
1/02/2011,22.00.00,Yes,Collision with vehicle,VEHICLE STRIKES DOOR OF PARKED/STATIONARY VEHICLE,No,Dark Street lights on,No,Cross intersection,Other injury accident,60 km/hr,144.95415,-37.81907,MELBOURNE,METROPOLITAN NORTH WEST REGION,3,1,0,0,1,2,2,1,1,1,1,0,0,0,0,0,0,0,0,0,No,0,2,0,1,0,0,Metropolitan CBD Only
1/02/2011,09.00.00,No,Collision with vehicle,LEFT NEAR (INTERSECTIONS ONLY),No,Unk.,No,Cross intersection,Serious injury accident,50 km/hr,144.96497,-37.80338,MELBOURNE,METROPOLITAN NORTH WEST REGION,2,1,0,1,0,1,1,1,1,0,1,0,0,0,0,0,0,0,0,0,No,0,2,0,1,0,0,Metropolitan Excluding CBD
1/02/2011,17.30.00,No,Collision with a fixed object,OFF LEFT BEND INTO OBJECT/PARKED VEHICLE,No,Day,Yes,Not at intersection,Serious injury accident,100 km/hr,146.53107,-38.55509,WELLINGTON,EASTERN REGION,1,1,0,1,0,0,0,1,0,0,0,0,0,1,0,0,0,0,0,0,No,1,1,0,0,1,0,Country
2/02/2011,18.10.00,Yes,Collision with vehicle,REAR END(VEHICLES IN SAME LANE),No,Day,No,Cross intersection,Other injury accident,80 km/hr,145.17276,-37.83473,WHITEHORSE,METROPOLITAN SOUTH EAST REGION,2,1,0,0,1,1,1,1,0,0,2,0,0,0,0,0,0,0,0,1,No,0,2,0,2,0,0,Metropolitan Excluding CBD
2/02/2011,11.00.00,No,Collision with vehicle,REAR END(VEHICLES IN SAME LANE),No,Day,No,T intersection,Other injury accident,60 km/hr,145.42122,-37.93078,CARDINIA,METROPOLITAN SOUTH EAST REGION,3,1,0,0,1,2,1,2,0,0,3,0,0,0,0,0,0,0,0,1,No,0,3,0,3,0,0,Metropolitan Excluding CBD
2/02/2011,17.30.00,No,Vehicle overturned (no collision),OUT OF CONTROL ON CARRIAGEWAY (ON STRAIGHT),No,Dusk/Dawn,No,Cross intersection,Other injury accident,60 km/hr,144.9433,-37.81278,MELBOURNE,METROPOLITAN NORTH WEST REGION,2,2,0,0,2,0,0,1,1,0,1,0,0,0,0,0,0,0,0,0,No,0,2,0,1,0,0,Metropolitan Excluding CBD
2/02/2011,12.30.00,No,Collision with vehicle,CROSS TRAFFIC(INTERSECTIONS ONLY),No,Day,No,Cross intersection,Other injury accident,60 km/hr,145.03062,-37.66085,WHITTLESEA,METROPOLITAN NORTH WEST REGION,2,1,0,0,1,1,0,2,0,0,2,0,0,0,0,0,0,0,1,0,No,0,2,0,2,0,0,Metropolitan Excluding CBD
2/02/2011,02.00.00,Yes,Collision with a fixed object,RIGHT OFF CARRIAGEWAY INTO OBJECT/PARKED VEHICLE,No,Dark Street lights on,Yes,Not at intersection,Other injury accident,100 km/hr,146.2796,-38.21025,LATROBE,EASTERN REGION,2,2,0,0,2,0,0,2,0,1,1,0,0,0,0,0,0,0,0,1,No,0,1,0,1,0,0,Country
2/02/2011,07.52.00,No,Collision with vehicle,RIGHT THROUGH,No,Day,Yes,T intersection,Other injury accident,60 km/hr,145.08734,-37.98395,KINGSTON,METROPOLITAN SOUTH EAST REGION,4,2,0,0,2,2,3,1,0,1,3,0,0,0,0,0,0,0,0,2,No,0,3,0,3,0,0,Metropolitan Excluding CBD
2/02/2011,10.15.00,No,Struck Pedestrian,PED NEAR SIDE. PED HIT BY VEHICLE FROM THE RIGHT.,No,Day,Yes,T intersection,Other injury accident,60 km/hr,145.0731,-37.92292,GLEN EIRA,METROPOLITAN SOUTH EAST REGION,3,1,0,0,1,2,1,2,0,1,1,1,0,0,0,0,0,1,0,0,No,0,1,0,1,0,0,Metropolitan Excluding CBD
2/02/2011,10.30.00,No,Collision with vehicle,LEFT REAR,No,Day,Yes,Not at intersection,Other injury accident,60 km/hr,145.40043,-36.39744,SHEPPARTON,NORTH EASTERN REGION,4,1,0,0,1,3,2,2,0,2,2,0,0,0,0,0,0,0,1,0,No,0,2,0,2,0,0,Small Provincial Cities
2/02/2011,10.30.00,No,Collision with vehicle,CROSS TRAFFIC(INTERSECTIONS ONLY),No,Day,Yes,Cross intersection,Other injury accident,50 km/hr,144.13314,-37.34252,HEPBURN,WESTERN REGION,2,2,0,0,2,0,2,0,0,0,2,0,0,0,0,0,0,0,0,1,No,0,2,0,2,0,0,Other Towns
2/02/2011,12.35.00,No,Collision with vehicle,RIGHT NEAR (INTERSECTIONS ONLY),No,Day,Yes,T intersection,Other injury accident,60 km/hr,144.91215,-37.83242,MELBOURNE,METROPOLITAN NORTH WEST REGION,3,2,0,0,2,1,1,2,2,0,1,0,0,0,0,0,0,0,0,0,No,0,3,0,1,0,0,Metropolitan Excluding CBD
2/02/2011,14.00.00,No,Collision with vehicle,REAR END(VEHICLES IN SAME LANE),No,Day,No,Cross intersection,Other injury accident,80 km/hr,145.09497,-38.19099,MORNINGTON PENINSULA,METROPOLITAN SOUTH EAST REGION,3,1,0,0,1,2,2,1,0,1,2,0,0,0,0,0,0,0,0,0,No,0,2,0,2,0,0,Metropolitan Excluding CBD
2/02/2011,05.20.00,Yes,Collision with vehicle,REAR END(VEHICLES IN SAME LANE),No,Dark No street lights,Yes,Not at intersection,Serious injury accident,60 km/hr,144.85326,-37.6757,HUME,METROPOLITAN NORTH WEST REGION,2,1,0,1,0,1,2,0,1,0,1,0,0,0,0,0,0,0,0,1,No,0,2,0,1,0,0,Metropolitan Excluding CBD
2/02/2011,13.10.00,No,Collision with vehicle,RIGHT FAR (INTERSECTIONS ONLY),No,Day,Yes,T intersection,Other injury accident,50 km/hr,144.9199,-37.64241,HUME,METROPOLITAN NORTH WEST REGION,3,1,0,0,1,2,1,2,0,1,2,0,0,0,0,0,0,0,0,0,No,0,2,0,2,0,0,Metropolitan Excluding CBD
2/02/2011,08.30.00,No,Collision with vehicle,REAR END(VEHICLES IN SAME LANE),No,Day,Not known,T intersection,Serious injury accident,60 km/hr,145.03904,-37.93917,KINGSTON,METROPOLITAN SOUTH EAST REGION,3,1,0,1,0,2,0,1,0,0,1,0,0,0,2,0,0,0,0,1,No,0,3,0,1,0,0,Metropolitan Excluding CBD
2/02/2011,17.05.00,No,Collision with vehicle,CROSS TRAFFIC(INTERSECTIONS ONLY),No,Day,Yes,Cross intersection,Other injury accident,60 km/hr,145.07313,-37.95433,KINGSTON,METROPOLITAN SOUTH EAST REGION,3,1,0,0,1,2,3,0,1,1,1,0,0,0,0,0,0,0,0,1,No,0,2,0,1,0,0,Metropolitan Excluding CBD
2/02/2011,16.15.00,No,Collision with vehicle,RIGHT NEAR (INTERSECTIONS ONLY),No,Day,Yes,T intersection,Other injury accident,60 km/hr,144.83304,-37.77946,BRIMBANK,METROPOLITAN NORTH WEST REGION,4,1,0,0,1,3,2,1,0,2,2,0,0,0,0,0,0,0,0,0,No,0,2,0,2,0,0,Metropolitan Excluding CBD
2/02/2011,18.15.00,Yes,Collision with vehicle,RIGHT THROUGH,No,Day,Yes,T intersection,Serious injury accident,60 km/hr,144.83508,-37.76479,BRIMBANK,METROPOLITAN NORTH WEST REGION,2,1,0,1,0,1,2,0,0,0,1,0,0,1,0,0,0,0,0,1,No,0,2,0,1,1,0,Metropolitan Excluding CBD
2/02/2011,17.40.00,No,Collision with vehicle,U TURN,No,Day,Yes,Not at intersection,Other injury accident,70 km/hr,144.88394,-37.70441,HUME,METROPOLITAN NORTH WEST REGION,4,1,0,0,1,3,3,1,0,1,3,0,0,0,0,0,0,0,0,0,No,0,3,0,3,0,0,Metropolitan Excluding CBD
2/02/2011,19.00.00,Yes,Collision with vehicle,CROSS TRAFFIC(INTERSECTIONS ONLY),No,Day,Yes,Cross intersection,Serious injury accident,50 km/hr,145.00044,-37.75956,DAREBIN,METROPOLITAN NORTH WEST REGION,2,1,0,1,0,1,1,1,0,0,1,0,0,1,0,0,0,0,0,0,No,0,2,0,1,1,0,Metropolitan Excluding CBD
2/02/2011,18.10.00,Yes,Collision with vehicle,RIGHT NEAR (INTERSECTIONS ONLY),No,Day,Yes,Cross intersection,Other injury accident,70 km/hr,144.34463,-38.13142,GEELONG,SOUTH WESTERN REGION,2,2,0,0,2,0,0,2,0,0,2,0,0,0,0,0,0,0,0,2,No,0,2,0,2,0,0,Large Provincial Cities
2/02/2011,18.55.00,Yes,Struck Pedestrian,PED NEAR SIDE. PED HIT BY VEHICLE FROM THE RIGHT.,No,Day,Yes,Cross intersection,Other injury accident,50 km/hr,144.95415,-37.81907,MELBOURNE,METROPOLITAN NORTH WEST REGION,2,1,0,0,1,1,2,0,0,0,1,1,0,0,0,0,1,0,0,0,No,0,1,0,1,0,0,Metropolitan CBD Only
2/02/2011,13.45.00,No,Collision with vehicle,LEFT NEAR (INTERSECTIONS ONLY),No,Day,No,T intersection,Serious injury accident,50 km/hr,144.81832,-37.7989,BRIMBANK,METROPOLITAN NORTH WEST REGION,2,1,0,1,0,1,1,1,1,0,1,0,0,0,0,0,0,0,0,0,No,0,2,0,1,0,0,Metropolitan Excluding CBD
2/02/2011,18.30.00,Yes,Collision with vehicle,LANE CHANGE LEFT (NOT OVERTAKING),No,Day,Yes,Not at intersection,Other injury accident,80 km/hr,144.9287,-37.65446,HUME,METROPOLITAN NORTH WEST REGION,4,1,0,0,1,3,3,1,0,2,2,0,0,0,0,0,0,0,0,0,No,0,2,0,2,0,0,Metropolitan Excluding CBD
2/02/2011,22.20.00,Yes,Collision with a fixed object,LEFT OFF CARRIAGEWAY INTO OBJECT/PARKED VEHICLE,No,Dark Street lights on,Yes,Not at intersection,Serious injury accident,50 km/hr,144.36803,-38.06951,GEELONG,SOUTH WESTERN REGION,4,2,0,2,0,2,1,3,0,3,1,0,0,0,0,0,0,0,0,0,No,0,1,0,1,0,0,Large Provincial Cities
2/02/2011,14.25.00,No,No collision and no object struck,OFF CARRIAGEWAY TO LEFT,No,Day,Yes,Not at intersection,Serious injury accident,100 km/hr,146.17928,-38.33099,BAW BAW,EASTERN REGION,1,1,0,1,0,0,0,1,0,0,0,0,0,1,0,0,0,0,0,0,No,0,1,0,0,1,0,Country
2/02/2011,22.23.00,Yes,Collision with a fixed object,RIGHT OFF CARRIAGEWAY INTO OBJECT/PARKED VEHICLE,No,Dark No street lights,Yes,Not at intersection,Fatal accident,100 km/hr,145.41788,-38.07659,CARDINIA,METROPOLITAN SOUTH EAST REGION,1,1,1,0,0,0,1,0,0,0,1,0,0,0,0,0,0,0,0,0,No,0,1,0,1,0,0,Small Towns
2/02/2011,21.20.00,Yes,No collision and no object struck,OUT OF CONTROL ON CARRIAGEWAY (ON STRAIGHT),No,Dark Street lights on,No,Cross intersection,Other injury accident,50 km/hr,144.96226,-37.81228,MELBOURNE,METROPOLITAN NORTH WEST REGION,2,1,0,0,1,1,1,0,1,0,1,0,0,0,0,0,0,0,0,0,No,0,2,0,1,0,0,Metropolitan CBD Only
2/02/2011,14.10.00,No,Collision with vehicle,RIGHT THROUGH,No,Day,No,Cross intersection,Other injury accident,60 km/hr,143.83904,-37.55968,BALLARAT,WESTERN REGION,2,1,0,0,1,1,2,0,0,0,2,0,0,0,0,0,0,0,0,0,No,0,2,0,2,0,0,Large Provincial Cities
2/02/2011,09.00.00,No,Collision with vehicle,REAR END(VEHICLES IN SAME LANE),No,Day,No,Not at intersection,Other injury accident,70 km/hr,144.96015,-37.70127,MORELAND,METROPOLITAN NORTH WEST REGION,2,1,0,0,1,1,1,1,0,0,2,0,0,0,0,0,0,0,1,1,No,0,2,0,2,0,0,Metropolitan Excluding CBD
2/02/2011,12.30.00,No,Collision with a fixed object,RIGHT OFF CARRIAGEWAY INTO OBJECT/PARKED VEHICLE,No,Day,No,Not at intersection,Other injury accident,100 km/hr,144.74021,-37.76286,MELTON,METROPOLITAN NORTH WEST REGION,1,1,0,0,1,0,1,0,0,0,1,0,0,0,0,0,0,0,0,0,No,0,1,1,0,0,0,Country
2/02/2011,15.50.00,No,Struck Pedestrian,ANY MANOEUVRE INVOLVING PED NOT INCLUDED IN DCAs 100-108.,No,Day,No,Not at intersection,Other injury accident,Not known,144.86975,-37.71273,BRIMBANK,METROPOLITAN NORTH WEST REGION,2,2,0,0,2,0,2,0,0,0,1,1,0,0,0,0,0,0,0,0,No,0,1,0,1,0,0,Metropolitan Excluding CBD
3/02/2011,13.00.00,No,Collision with vehicle,VEHICLE COLLIDES WITH VEHICLE PARKED ON LEFT OF ROAD,No,Day,No,T intersection,Other injury accident,50 km/hr,144.9771,-37.74247,MORELAND,METROPOLITAN NORTH WEST REGION,2,1,0,0,1,1,2,0,0,0,2,0,0,0,0,0,0,0,0,0,No,0,2,2,0,0,0,Metropolitan Excluding CBD
3/02/2011,08.45.00,No,No collision and no object struck,OUT OF CONTROL ON CARRIAGEWAY (ON STRAIGHT),No,Day,Yes,Not at intersection,Serious injury accident,60 km/hr,144.99418,-37.78077,DAREBIN,METROPOLITAN NORTH WEST REGION,1,1,0,1,0,0,1,0,1,0,0,0,0,0,0,0,0,0,0,0,No,0,1,0,0,0,0,Metropolitan Excluding CBD
3/02/2011,07.00.00,No,Collision with vehicle,REAR END(VEHICLES IN SAME LANE),No,Day,No,Cross intersection,Other injury accident,60 km/hr,144.6555,-37.90456,WYNDHAM,METROPOLITAN NORTH WEST REGION,2,1,0,0,1,1,2,0,0,0,2,0,0,0,0,0,0,0,0,0,No,0,2,0,2,0,0,Metropolitan Excluding CBD