ACCIDENT_DATE,ACCIDENT_TIME,ALCOHOLTIME,ACCIDENT_TYPE,DCA_CODE,HIT_RUN_FLAG,LIGHT_CONDITION,POLICE_ATTEND,ROAD_GEOMETRY,SEVERITY,SPEED_ZONE,LONGITUDE,LATITUDE,LGA_NAME,REGION_NAME,TOTAL_PERSONS,INJ_OR_FATAL,FATALITY,SERIOUSINJURY,OTHERINJURY,NONINJURED,MALES,FEMALES,BICYCLIST,PASSENGER,DRIVER,PEDESTRIAN,PILLION,MOTORIST,UNKNOWN,PED_CYCLIST_5_12,PED_CYCLIST_13_18,OLD_PEDESTRIAN,OLD_DRIVER,YOUNG_DRIVER,ALCOHOL_RELATED,UNLICENCSED,NO_OF_VEHICLES,HEAVYVEHICLE,PASSENGERVEHICLE,MOTORCYCLE,PUBLICVEHICLE,DEG_URBAN_NAME
13/03/2011,23.15.00,Yes,Collision with vehicle,OTHER SAME DIRECTION-MANOUEVRES NOT INCLUDED IN DCAs 130-137,Yes,Dark Street lights on,Yes,Not at intersection,Other injury accident,80 km/hr,144.93032,-37.6519,HUME,METROPOLITAN NORTH WEST REGION,6,1,0,0,1,5,1,4,0,4,2,0,0,0,0,0,0,0,0,1,No,0,2,0,2,0,0,Metropolitan Excluding CBD
13/03/2011,21.30.00,Yes,Collision with a fixed object,RIGHT OFF CARRIAGEWAY INTO OBJECT/PARKED VEHICLE,No,Dark Street lights on,Yes,Not at intersection,Other injury accident,60 km/hr,145.05081,-37.84532,BOROONDARA,METROPOLITAN SOUTH EAST REGION,1,1,0,0,1,0,1,0,0,0,1,0,0,0,0,0,0,0,0,1,No,0,1,0,1,0,0,Metropolitan Excluding CBD
13/03/2011,22.20.00,No,Collision with vehicle,HEAD ON (NOT OVERTAKING),No,Dark No street lights,Yes,Not at intersection,Fatal accident,100 km/hr,146.32412,-36.72253,WANGARATTA,NORTH EASTERN REGION,5,5,1,4,0,0,3,2,0,3,2,0,0,0,0,0,0,0,0,1,No,0,2,0,2,0,0,Country
13/03/2011,23.10.00,Yes,Collision with a fixed object,OFF LEFT BEND INTO OBJECT/PARKED VEHICLE,No,Dark No street lights,No,Not at intersection,Other injury accident,100 km/hr,146.18983,-38.66207,SOUTH GIPPSLAND,EASTERN REGION,2,1,0,0,1,1,1,1,0,1,1,0,0,0,0,0,0,0,0,1,No,0,1,0,1,0,0,Country
13/03/2011,13.45.00,No,Collision with vehicle,REAR END(VEHICLES IN SAME LANE),No,Day,Yes,T intersection,Other injury accident,60 km/hr,144.86386,-37.7666,MOONEE VALLEY,METROPOLITAN NORTH WEST REGION,5,2,0,0,2,3,2,3,0,3,2,0,0,0,0,0,0,0,0,0,No,0,2,0,2,0,0,Metropolitan Excluding CBD
13/03/2011,16.50.00,Yes,Collision with vehicle,HEAD ON (NOT OVERTAKING),No,Day,Yes,Not at intersection,Other injury accident,100 km/hr,146.30027,-37.1277,MANSFIELD,NORTH EASTERN REGION,6,3,0,0,3,3,4,2,0,4,2,0,0,0,0,0,0,0,0,0,No,0,2,0,2,0,0,Country
13/03/2011,16.00.00,Yes,Vehicle overturned (no collision),OFF CARRIAGEWAY ON RIGHT BEND,No,Day,Yes,Not at intersection,Serious injury accident,100 km/hr,145.7501,-38.21589,BAW BAW,EASTERN REGION,7,4,0,1,3,3,5,2,0,6,1,0,0,0,0,0,0,0,0,0,No,0,1,0,1,0,0,Country
13/03/2011,22.15.00,Yes,Struck Pedestrian,FAR SIDE. PED HIT BY VEHICLE FROM THE LEFT,No,Dark Street lights unknown,No,T intersection,Serious injury accident,Not known,144.91359,-37.77939,MELBOURNE,METROPOLITAN NORTH WEST REGION,2,1,0,1,0,1,1,0,0,0,1,1,0,0,0,0,0,0,0,0,No,0,1,0,1,0,0,Metropolitan Excluding CBD
13/03/2011,17.00.00,Yes,No collision and no object struck,OUT OF CONTROL ON CARRIAGEWAY (ON BEND),No,Day,No,Not at intersection,Other injury accident,100 km/hr,143.63048,-37.28087,PYRENEES,WESTERN REGION,1,1,0,0,1,0,0,1,0,0,0,0,0,1,0,0,0,0,0,0,No,0,1,0,0,1,0,Country
13/03/2011,06.00.00,Yes,Fall from or in moving vehicle,FELL IN/FROM VEHICLE,No,Dusk/Dawn,No,Not at intersection,Other injury accident,70 km/hr,143.80447,-37.51177,BALLARAT,WESTERN REGION,2,1,0,0,1,1,0,2,0,1,1,0,0,0,0,0,0,0,0,1,No,0,1,0,1,0,0,Large Provincial Cities
13/03/2011,21.00.00,Yes,Collision with a fixed object,LEFT OFF CARRIAGEWAY INTO OBJECT/PARKED VEHICLE,No,Dusk/Dawn,No,Not at intersection,Serious injury accident,Not known,143.78271,-37.29126,HEPBURN,WESTERN REGION,2,1,0,1,0,1,1,1,0,0,1,0,0,0,1,0,0,0,0,0,No,0,2,0,1,0,0,Small Towns
14/03/2011,09.00.00,No,Vehicle overturned (no collision),OUT OF CONTROL ON CARRIAGEWAY (ON BEND),No,Day,No,Not at intersection,Serious injury accident,100 km/hr,148.89155,-37.14658,EAST GIPPSLAND,EASTERN REGION,1,1,0,1,0,0,0,1,0,0,1,0,0,0,0,0,0,0,0,0,No,0,1,0,1,0,0,Country
14/03/2011,11.50.00,No,Struck Pedestrian,FAR SIDE. PED HIT BY VEHICLE FROM THE LEFT,Yes,Day,No,Not at intersection,Other injury accident,50 km/hr,145.44879,-38.07125,CARDINIA,METROPOLITAN SOUTH EAST REGION,2,1,0,0,1,1,1,0,0,0,1,1,0,0,0,0,1,0,0,0,No,0,1,0,1,0,0,Small Provincial Cities
14/03/2011,11.45.00,No,Collision with vehicle,LEFT TURN SIDESWIPE,Yes,Day,No,T intersection,Other injury accident,60 km/hr,144.99108,-37.81126,MELBOURNE,METROPOLITAN NORTH WEST REGION,2,1,0,0,1,1,1,0,1,0,0,0,0,0,1,0,0,0,0,0,No,0,2,0,0,0,0,Metropolitan Excluding CBD
14/03/2011,23.30.00,Yes,Collision with a fixed object,LEFT OFF CARRIAGEWAY INTO OBJECT/PARKED VEHICLE,No,Dark Street lights on,No,Multiple intersection,Other injury accident,60 km/hr,145.05283,-37.85091,BOROONDARA,METROPOLITAN SOUTH EAST REGION,1,1,0,0,1,0,1,0,0,0,0,0,0,1,0,0,0,0,0,0,No,0,1,0,0,1,0,Metropolitan Excluding CBD
14/03/2011,15.50.00,No,Collision with vehicle,REAR END(VEHICLES IN SAME LANE),No,Day,No,Not at intersection,Other injury accident,Not known,144.82503,-37.82574,HOBSONS BAY,METROPOLITAN NORTH WEST REGION,4,1,0,0,1,3,2,2,0,1,3,0,0,0,0,0,0,0,0,1,No,0,3,0,3,0,0,Metropolitan Excluding CBD
14/03/2011,00.05.00,Yes,Collision with vehicle,HEAD ON(OVERTAKING),No,Dark No street lights,Yes,Not at intersection,Serious injury accident,50 km/hr,145.70388,-38.63907,BASS COAST,EASTERN REGION,6,1,0,1,0,5,4,2,0,3,2,0,0,1,0,0,0,0,0,2,No,0,3,0,2,1,0,Other Towns
14/03/2011,05.48.00,Yes,Collision with vehicle,OTHER ON PATH,No,Dark Street lights on,Yes,Not at intersection,Serious injury accident,60 km/hr,145.06329,-37.79684,BOROONDARA,METROPOLITAN SOUTH EAST REGION,2,2,0,2,0,0,2,0,0,0,2,0,0,0,0,0,0,0,0,1,No,0,2,0,1,0,0,Metropolitan Excluding CBD
14/03/2011,08.45.00,No,Collision with vehicle,CROSS TRAFFIC(INTERSECTIONS ONLY),No,Day,Yes,Cross intersection,Serious injury accident,60 km/hr,146.40475,-38.23846,LATROBE,EASTERN REGION,3,2,0,1,1,1,1,2,0,1,2,0,0,0,0,0,0,0,0,1,No,0,2,0,2,0,0,Small Provincial Cities
14/03/2011,02.00.00,Yes,Vehicle overturned (no collision),OFF CARRIAGEWAY TO LEFT,No,Dark No street lights,Yes,Not at intersection,Other injury accident,100 km/hr,147.29327,-36.45759,TOWONG,NORTH EASTERN REGION,1,1,0,0,1,0,1,0,0,0,1,0,0,0,0,0,0,0,0,1,No,0,1,0,1,0,0,Country
14/03/2011,12.25.00,No,Collision with vehicle,REAR END(VEHICLES IN SAME LANE),No,Day,Yes,Not at intersection,Other injury accident,100 km/hr,145.23963,-37.47047,MURRINDINDI,NORTH EASTERN REGION,8,1,0,0,1,7,4,4,0,5,3,0,0,0,0,0,0,0,0,1,No,0,3,0,3,0,0,Country
14/03/2011,14.30.00,No,Collision with vehicle,RIGHT THROUGH,No,Day,Yes,Cross intersection,Other injury accident,50 km/hr,146.88571,-36.1242,WODONGA,NORTH EASTERN REGION,2,1,0,0,1,1,1,1,0,0,2,0,0,0,0,0,0,0,0,1,No,0,2,0,2,0,0,Small Provincial Cities
14/03/2011,15.45.00,No,Collision with vehicle,LANE CHANGE LEFT (NOT OVERTAKING),Yes,Day,Yes,Multiple intersection,Serious injury accident,100 km/hr,144.8122,-37.82475,WYNDHAM,METROPOLITAN NORTH WEST REGION,6,1,0,1,0,5,3,1,0,2,4,0,0,0,0,0,0,0,0,0,No,0,4,0,4,0,0,Metropolitan Excluding CBD
14/03/2011,16.45.00,No,Collision with vehicle,RIGHT THROUGH,No,Day,Yes,Cross intersection,Serious injury accident,60 km/hr,143.59842,-38.34162,COLAC OTWAY,SOUTH WESTERN REGION,3,1,0,1,0,2,2,1,0,1,2,0,0,0,0,0,0,0,0,0,No,0,2,0,2,0,0,Small Provincial Cities
14/03/2011,12.30.00,No,Collision with vehicle,OTHER ON PATH,No,Day,Yes,Not at intersection,Other injury accident,50 km/hr,144.96849,-37.74802,MORELAND,METROPOLITAN NORTH WEST REGION,3,2,0,0,2,1,2,1,0,1,2,0,0,0,0,0,0,0,1,0,No,0,3,0,3,0,0,Metropolitan Excluding CBD
14/03/2011,15.00.00,No,Collision with a fixed object,OFF RIGHT BEND INTO OBJECT/PARKED VEHICLE,No,Day,Yes,Not at intersection,Serious injury accident,100 km/hr,145.71489,-37.53462,MURRINDINDI,NORTH EASTERN REGION,3,1,0,1,0,2,1,1,0,1,1,0,0,1,0,0,0,0,0,0,No,0,2,0,1,1,0,Country
14/03/2011,14.25.00,No,Collision with vehicle,HEAD ON (NOT OVERTAKING),Yes,Day,Yes,Not at intersection,Other injury accident,100 km/hr,146.43741,-38.19989,LATROBE,EASTERN REGION,4,3,0,0,3,1,2,2,0,2,2,0,0,0,0,0,0,0,0,0,No,1,2,0,2,0,0,Country
14/03/2011,16.58.00,No,Vehicle overturned (no collision),OFF CARRIAGEWAY TO LEFT,No,Day,Yes,Not at intersection,Serious injury accident,80 km/hr,144.67857,-37.83279,WYNDHAM,METROPOLITAN NORTH WEST REGION,3,1,0,1,0,2,2,0,0,1,1,0,0,1,0,0,0,0,0,0,No,1,2,0,1,1,0,Metropolitan Excluding CBD
14/03/2011,18.40.00,Yes,Collision with vehicle,RIGHT THROUGH,No,Day,Yes,Cross intersection,Other injury accident,60 km/hr,145.14294,-37.68677,BANYULE,METROPOLITAN NORTH WEST REGION,4,2,0,0,2,2,1,3,0,2,2,0,0,0,0,0,0,0,0,2,No,0,2,0,2,0,0,Metropolitan Excluding CBD
14/03/2011,18.30.00,Yes,Collision with vehicle,VEHICLE COLLIDES WITH VEHICLE PARKED ON LEFT OF ROAD,No,Day,Yes,Not at intersection,Other injury accident,60 km/hr,145.19414,-38.11664,FRANKSTON,METROPOLITAN SOUTH EAST REGION,1,1,0,0,1,0,0,1,0,0,1,0,0,0,0,0,0,0,0,0,Yes,0,2,0,2,0,0,Metropolitan Excluding CBD
14/03/2011,18.25.00,Yes,Collision with vehicle,LEFT TURN SIDESWIPE,No,Day,Yes,Cross intersection,Other injury accident,60 km/hr,144.98175,-37.85327,PORT PHILLIP,METROPOLITAN NORTH WEST REGION,3,1,0,0,1,2,1,2,0,1,2,0,0,0,0,0,0,0,0,1,No,0,2,0,2,0,0,Metropolitan Excluding CBD
14/03/2011,19.00.00,Yes,Collision with vehicle,HEAD ON (NOT OVERTAKING),No,Day,Yes,Not at intersection,Other injury accident,100 km/hr,143.71023,-36.97065,CENTRAL GOLDFIELDS,WESTERN REGION,8,1,0,0,1,7,3,5,0,6,2,0,0,0,0,0,0,0,0,0,No,0,2,0,2,0,0,Country
14/03/2011,17.43.00,No,Collision with vehicle,RIGHT NEAR (INTERSECTIONS ONLY),No,Day,Yes,T intersection,Serious injury accident,100 km/hr,144.58452,-37.34359,MACEDON RANGES,NORTHERN REGION,4,4,0,1,3,0,2,2,0,2,2,0,0,0,0,0,0,0,0,0,No,0,2,0,2,0,0,Country
14/03/2011,19.26.00,Yes,Collision with vehicle,CROSS TRAFFIC(INTERSECTIONS ONLY),No,Dark Street lights on,Yes,Cross intersection,Serious injury accident,60 km/hr,145.21406,-37.98482,DANDENONG,METROPOLITAN SOUTH EAST REGION,4,3,0,1,2,1,3,1,0,2,2,0,0,0,0,0,0,0,0,0,No,0,2,0,1,0,1,Metropolitan Excluding CBD
14/03/2011,19.02.00,Yes,Collision with vehicle,RIGHT THROUGH,No,Day,Yes,Not at intersection,Other injury accident,50 km/hr,144.74506,-37.68241,MELTON,METROPOLITAN NORTH WEST REGION,3,1,0,0,1,2,2,1,0,1,2,0,0,0,0,0,0,0,0,1,No,0,2,0,2,0,0,Metropolitan Excluding CBD
14/03/2011,13.55.00,No,Collision with vehicle,RIGHT NEAR (INTERSECTIONS ONLY),No,Day,Yes,Cross intersection,Other injury accident,50 km/hr,146.42295,-38.22514,LATROBE,EASTERN REGION,2,1,0,0,1,1,1,1,0,0,2,0,0,0,0,0,0,0,0,0,No,0,2,0,2,0,0,Small Provincial Cities
14/03/2011,20.33.00,Yes,collision with some other object,STRUCK OBJECT ON CARRIAGEWAY,No,Dark No street lights,Yes,Cross intersection,Other injury accident,50 km/hr,145.05801,-37.71464,DAREBIN,METROPOLITAN NORTH WEST REGION,1,1,0,0,1,0,0,1,0,0,1,0,0,0,0,0,0,0,0,0,No,0,1,0,1,0,0,Metropolitan Excluding CBD
14/03/2011,00.10.00,Yes,Collision with a fixed object,OTHER ACCIDENTS-OFF STRAIGHT NOT INCLUDED IN DCAs 170-175,Yes,Dark Street lights on,No,T intersection,Other injury accident,60 km/hr,144.9948,-37.78548,YARRA,METROPOLITAN NORTH WEST REGION,2,1,0,0,1,1,0,1,0,0,1,0,0,0,1,0,0,0,0,1,No,0,2,0,1,0,0,Metropolitan Excluding CBD
14/03/2011,13.30.00,No,Collision with vehicle,RIGHT NEAR (INTERSECTIONS ONLY),No,Day,No,T intersection,Serious injury accident,Not known,144.97845,-37.85072,PORT PHILLIP,METROPOLITAN NORTH WEST REGION,2,1,0,1,0,1,0,1,1,0,0,0,0,0,1,0,0,0,0,0,No,0,2,0,0,0,0,Metropolitan Excluding CBD
15/03/2011,08.40.00,No,Struck Pedestrian,FAR SIDE. PED HIT BY VEHICLE FROM THE LEFT,No,Day,Yes,Not at intersection,Other injury accident,80 km/hr,145.28314,-38.04993,CASEY,METROPOLITAN SOUTH EAST REGION,3,1,0,0,1,2,3,0,0,1,1,1,0,0,0,1,0,0,0,0,No,0,1,0,1,0,0,Metropolitan Excluding CBD
15/03/2011,08.15.00,No,Collision with vehicle,RIGHT THROUGH,No,Day,Yes,Cross intersection,Serious injury accident,70 km/hr,145.05908,-37.7582,BANYULE,METROPOLITAN NORTH WEST REGION,4,1,0,1,0,3,2,2,0,0,4,0,0,0,0,0,0,0,0,1,No,0,4,0,3,0,1,Metropolitan Excluding CBD
15/03/2011,06.55.00,No,Collision with vehicle,HEAD ON (NOT OVERTAKING),No,Day,Yes,T intersection,Serious injury accident,60 km/hr,145.00682,-37.87983,GLEN EIRA,METROPOLITAN SOUTH EAST REGION,2,1,0,1,0,1,1,1,0,0,2,0,0,0,0,0,0,0,0,1,No,0,2,0,2,0,0,Metropolitan Excluding CBD
15/03/2011,08.35.00,No,Struck Pedestrian,PED NEAR SIDE. PED HIT BY VEHICLE FROM THE RIGHT.,No,Day,Yes,Cross intersection,Other injury accident,60 km/hr,144.34578,-38.15398,GEELONG,SOUTH WESTERN REGION,2,1,0,0,1,1,1,1,0,0,1,1,0,0,0,0,0,0,0,0,No,0,1,0,1,0,0,Large Provincial Cities
15/03/2011,10.00.00,No,collision with some other object,STRUCK OBJECT ON CARRIAGEWAY,No,Day,Yes,T intersection,Other injury accident,50 km/hr,145.05469,-37.7301,BANYULE,METROPOLITAN NORTH WEST REGION,1,1,0,0,1,0,1,0,0,0,0,0,0,1,0,0,0,0,0,0,No,0,1,0,0,1,0,Metropolitan Excluding CBD
15/03/2011,06.50.00,No,Struck Pedestrian,FAR SIDE. PED HIT BY VEHICLE FROM THE LEFT,No,Day,Yes,T intersection,Other injury accident,60 km/hr,144.97233,-37.86277,PORT PHILLIP,METROPOLITAN NORTH WEST REGION,2,1,0,0,1,1,2,0,0,0,1,1,0,0,0,0,0,0,0,1,No,0,1,0,1,0,0,Metropolitan Excluding CBD
15/03/2011,10.10.00,No,Collision with a fixed object,LEFT OFF CARRIAGEWAY INTO OBJECT/PARKED VEHICLE,No,Day,Yes,T intersection,Serious injury accident,60 km/hr,145.02455,-37.93398,BAYSIDE,METROPOLITAN SOUTH EAST REGION,2,2,0,1,1,0,2,0,0,0,2,0,0,0,0,0,0,0,0,0,No,0,2,0,2,0,0,Metropolitan Excluding CBD
15/03/2011,11.32.00,No,Collision with vehicle,HEAD ON (NOT OVERTAKING),No,Day,Yes,Not at intersection,Other injury accident,60 km/hr,144.41754,-38.02514,GEELONG,SOUTH WESTERN REGION,2,1,0,0,1,1,2,0,0,0,2,0,0,0,0,0,0,0,0,1,No,0,2,0,1,0,0,Small Provincial Cities
15/03/2011,08.10.00,No,Collision with vehicle,RIGHT THROUGH,No,Day,No,Not at intersection,Other injury accident,40 km/hr,144.96791,-37.7972,MELBOURNE,METROPOLITAN NORTH WEST REGION,2,1,0,0,1,1,0,2,1,0,1,0,0,0,0,0,0,0,0,0,No,0,2,0,1,0,0,Metropolitan Excluding CBD
15/03/2011,08.57.00,No,Collision with a fixed object,OFF RIGHT BEND INTO OBJECT/PARKED VEHICLE,No,Day,Yes,Not at intersection,Fatal accident,80 km/hr,145.21639,-37.81324,MAROONDAH,METROPOLITAN SOUTH EAST REGION,1,1,1,0,0,0,1,0,0,0,0,0,0,1,0,0,0,0,0,0,No,0,1,0,0,1,0,Metropolitan Excluding CBD
15/03/2011,11.30.00,No,Collision with a fixed object,LEFT OFF CARRIAGEWAY INTO OBJECT/PARKED VEHICLE,No,Day,Yes,Not at intersection,Serious injury accident,100 km/hr,144.99883,-37.18593,MITCHELL,NORTHERN REGION,1,1,0,1,0,0,0,1,0,0,1,0,0,0,0,0,0,0,0,0,No,0,1,0,1,0,0,Country
15/03/2011,13.30.00,No,Collision with a fixed object,LEFT OFF CARRIAGEWAY INTO OBJECT/PARKED VEHICLE,No,Day,Yes,Cross intersection,Serious injury accident,40 km/hr,142.021,-37.74493,SOUTHERN GRAMPIANS,SOUTH WESTERN REGION,1,1,0,1,0,0,0,1,0,0,1,0,0,0,0,0,0,0,0,0,No,0,2,0,2,0,0,Other Towns
15/03/2011,14.15.00,No,Collision with vehicle,CROSS TRAFFIC(INTERSECTIONS ONLY),No,Day,Yes,Cross intersection,Other injury accident,80 km/hr,145.34772,-37.95405,YARRA RANGES,METROPOLITAN SOUTH EAST REGION,2,2,0,0,2,0,0,2,0,0,2,0,0,0,0,0,0,0,0,0,No,0,2,0,2,0,0,Country
15/03/2011,16.00.00,No,Collision with vehicle,VEHICLE OFF FOOTPATH STRIKES VEH ON CARRIAGEWAY,No,Day,Yes,Not at intersection,Other injury accident,60 km/hr,145.16674,-37.70277,NILLUMBIK,METROPOLITAN NORTH WEST REGION,3,1,0,0,1,2,2,1,1,1,1,0,0,0,0,1,0,0,0,0,No,0,2,0,1,0,0,Metropolitan Excluding CBD
15/03/2011,16.00.00,No,Struck Pedestrian,ANY MANOEUVRE INVOLVING PED NOT INCLUDED IN DCAs 100-108.,No,Day,Yes,Not at intersection,Other injury accident,50 km/hr,145.0282,-37.86322,STONNINGTON,METROPOLITAN SOUTH EAST REGION,2,1,0,0,1,1,0,1,0,0,1,1,0,0,0,0,0,1,0,0,No,0,1,0,1,0,0,Metropolitan Excluding CBD
15/03/2011,16.55.00,No,Collision with vehicle,RIGHT OFF CARRIAGEWAY INTO OBJECT/PARKED VEHICLE,No,Day,Yes,T intersection,Serious injury accident,100 km/hr,144.95876,-37.26385,MITCHELL,NORTHERN REGION,2,2,0,1,1,0,1,1,0,0,2,0,0,0,0,0,0,0,1,0,No,0,2,0,1,0,0,Country
15/03/2011,18.00.00,Yes,Collision with vehicle,LEFT TURN SIDESWIPE,Yes,Dusk/Dawn,No,Cross intersection,Other injury accident,50 km/hr,144.98381,-37.80646,YARRA,METROPOLITAN NORTH WEST REGION,2,1,0,0,1,1,1,0,1,0,1,0,0,0,0,0,0,0,0,0,No,0,2,0,1,0,0,Metropolitan Excluding CBD
15/03/2011,15.10.00,No,Collision with vehicle,CROSS TRAFFIC(INTERSECTIONS ONLY),No,Day,Yes,Cross intersection,Fatal accident,100 km/hr,143.51731,-36.88492,CENTRAL GOLDFIELDS,WESTERN REGION,2,1,1,0,0,1,2,0,0,0,2,0,0,0,0,0,0,0,0,0,No,0,2,1,1,0,0,Country
15/03/2011,17.00.00,No,Collision with a fixed object,LEFT OFF CARRIAGEWAY INTO OBJECT/PARKED VEHICLE,No,Day,Yes,Cross intersection,Serious injury accident,60 km/hr,145.02371,-37.65188,WHITTLESEA,METROPOLITAN NORTH WEST REGION,4,4,0,4,0,0,2,2,0,3,1,0,0,0,0,0,0,0,0,1,No,0,1,0,1,0,0,Metropolitan Excluding CBD
15/03/2011,15.00.00,No,Struck Pedestrian,FAR SIDE. PED HIT BY VEHICLE FROM THE LEFT,No,Day,Yes,T intersection,Other injury accident,60 km/hr,145.03786,-38.21855,MORNINGTON PENINSULA,METROPOLITAN SOUTH EAST REGION,2,1,0,0,1,1,1,1,0,0,1,1,0,0,0,0,1,0,0,0,No,0,1,0,1,0,0,Metropolitan Excluding CBD
15/03/2011,19.00.00,Yes,Struck Pedestrian,FAR SIDE. PED HIT BY VEHICLE FROM THE LEFT,No,Day,No,Multiple intersection,Other injury accident,80 km/hr,145.13909,-37.92188,MONASH,METROPOLITAN SOUTH EAST REGION,2,2,0,0,2,0,0,2,0,0,1,1,0,0,0,0,0,0,0,1,No,0,1,0,1,0,0,Metropolitan Excluding CBD
15/03/2011,17.15.00,No,Collision with vehicle,VEHICLE OFF FOOTPATH STRIKES VEH ON CARRIAGEWAY,No,Day,No,T intersection,Other injury accident,50 km/hr,145.04285,-37.84985,STONNINGTON,METROPOLITAN SOUTH EAST REGION,2,1,0,0,1,1,1,1,1,0,1,0,0,0,0,1,0,0,0,0,No,0,2,0,1,0,0,Metropolitan Excluding CBD
15/03/2011,18.40.00,Yes,Collision with vehicle,VEHICLE COLLIDES WITH VEHICLE PARKED ON LEFT OF ROAD,No,Day,Yes,Not at intersection,Other injury accident,50 km/hr,144.81294,-37.78632,BRIMBANK,METROPOLITAN NORTH WEST REGION,1,1,0,0,1,0,1,0,0,0,1,0,0,0,0,0,0,0,0,0,No,0,2,1,1,0,0,Metropolitan Excluding CBD
15/03/2011,06.15.00,No,Collision with a fixed object,PERMANENT OBSTRUCTION ON CARRIAGEWAY,No,Dark Street lights on,Yes,Not at intersection,Serious injury accident,60 km/hr,144.94912,-37.82968,PORT PHILLIP,METROPOLITAN NORTH WEST REGION,1,1,0,1,0,0,1,0,0,0,1,0,0,0,0,0,0,0,0,0,No,0,1,1,0,0,0,Metropolitan Excluding CBD
15/03/2011,06.10.00,No,Collision with a fixed object,RIGHT OFF CARRIAGEWAY INTO OBJECT/PARKED VEHICLE,No,Dusk/Dawn,No,Not at intersection,Other injury accident,100 km/hr,143.91389,-38.32616,SURF COAST,SOUTH WESTERN REGION,1,1,0,0,1,0,1,0,0,0,1,0,0,0,0,0,0,0,0,1,No,0,1,0,1,0,0,Country
15/03/2011,05.42.00,Yes,Collision with vehicle,RIGHT FAR (INTERSECTIONS ONLY),Yes,Dark Street lights on,Yes,T intersection,Other injury accident,60 km/hr,144.97245,-37.73548,MORELAND,METROPOLITAN NORTH WEST REGION,3,2,0,0,2,1,1,0,0,0,2,0,0,0,1,0,0,0,0,0,No,0,3,0,2,0,0,Metropolitan Excluding CBD
15/03/2011,21.15.00,Yes,Collision with vehicle,CROSS TRAFFIC(INTERSECTIONS ONLY),No,Dark Street lights on,Yes,Cross intersection,Serious injury accident,80 km/hr,145.17543,-37.9945,DANDENONG,METROPOLITAN SOUTH EAST REGION,2,2,0,2,0,0,1,1,0,0,2,0,0,0,0,0,0,0,0,0,Yes,0,3,0,3,0,0,Metropolitan Excluding CBD
15/03/2011,19.45.00,Yes,Collision with vehicle,RIGHT THROUGH,No,Dusk/Dawn,Yes,T intersection,Fatal accident,60 km/hr,145.21121,-37.98209,DANDENONG,METROPOLITAN SOUTH EAST REGION,2,2,1,1,0,0,2,0,0,0,2,0,0,0,0,0,0,0,0,0,No,0,2,0,2,0,0,Metropolitan Excluding CBD
15/03/2011,14.00.00,No,Collision with vehicle,LEFT REAR,Yes,Day,Yes,Not at intersection,Other injury accident,60 km/hr,145.25987,-37.87209,KNOX,METROPOLITAN SOUTH EAST REGION,3,3,0,0,3,0,2,1,0,1,2,0,0,0,0,0,0,0,0,0,No,0,2,0,2,0,0,Metropolitan Excluding CBD
15/03/2011,16.05.00,No,Collision with vehicle,RIGHT THROUGH,No,Day,Yes,T intersection,Other injury accident,60 km/hr,145.00445,-37.83475,STONNINGTON,METROPOLITAN SOUTH EAST REGION,2,1,0,0,1,1,1,1,0,0,1,0,0,1,0,0,0,0,0,0,No,0,2,0,1,1,0,Metropolitan Excluding CBD
15/03/2011,07.00.00,No,Collision with vehicle,RIGHT NEAR (INTERSECTIONS ONLY),No,Dusk/Dawn,Yes,T intersection,Other injury accident,60 km/hr,144.97885,-37.85602,PORT PHILLIP,METROPOLITAN NORTH WEST REGION,2,1,0,0,1,1,0,1,1,0,1,0,0,0,0,0,0,0,0,0,No,1,2,0,1,0,0,Metropolitan Excluding CBD
15/03/2011,15.15.00,No,Collision with vehicle,RIGHT NEAR (INTERSECTIONS ONLY),No,Day,Yes,T intersection,Other injury accident,60 km/hr,145.19893,-37.77168,MANNINGHAM,METROPOLITAN SOUTH EAST REGION,2,1,0,0,1,1,1,1,0,0,2,0,0,0,0,0,0,0,0,0,No,0,2,0,2,0,0,Metropolitan Excluding CBD
15/03/2011,05.15.00,Yes,Collision with a fixed object,LEFT OFF CARRIAGEWAY INTO OBJECT/PARKED VEHICLE,No,Dusk/Dawn,No,Not at intersection,Other injury accident,80 km/hr,144.95192,-37.69225,MORELAND,METROPOLITAN NORTH WEST REGION,1,1,0,0,1,0,0,1,0,0,1,0,0,0,0,0,0,0,0,1,No,0,1,0,1,0,0,Metropolitan Excluding CBD
15/03/2011,10.45.00,No,Struck Pedestrian,PED ON FOOTHPATH STRUCK BY VEHENTERING/LEAVING DRIVEWAY.,No,Day,No,Not at intersection,Other injury accident,Not known,144.98852,-37.82643,MELBOURNE,METROPOLITAN NORTH WEST REGION,2,1,0,0,1,1,1,1,0,0,1,1,0,0,0,0,0,1,0,1,No,0,1,0,1,0,0,Metropolitan Excluding CBD
15/03/2011,07.20.00,No,Collision with vehicle,LEFT NEAR (INTERSECTIONS ONLY),No,Day,No,T intersection,Other injury accident,70 km/hr,144.96518,-37.82324,MELBOURNE,METROPOLITAN NORTH WEST REGION,2,2,0,0,2,0,2,0,1,0,1,0,0,0,0,0,0,0,0,0,No,0,2,0,1,0,0,Metropolitan Excluding CBD
15/03/2011,18.10.00,Yes,No collision and no object struck,OUT OF CONTROL ON CARRIAGEWAY (ON STRAIGHT),No,Unk.,No,T intersection,Serious injury accident,50 km/hr,144.97186,-37.77056,MORELAND,METROPOLITAN NORTH WEST REGION,2,1,0,1,0,1,1,0,1,0,1,0,0,0,0,0,0,0,0,0,No,0,2,0,1,0,0,Metropolitan Excluding CBD