ACCIDENT_DATE,ACCIDENT_TIME,ALCOHOLTIME,ACCIDENT_TYPE,DCA_CODE,HIT_RUN_FLAG,LIGHT_CONDITION,POLICE_ATTEND,ROAD_GEOMETRY,SEVERITY,SPEED_ZONE,LONGITUDE,LATITUDE,LGA_NAME,REGION_NAME,TOTAL_PERSONS,INJ_OR_FATAL,FATALITY,SERIOUSINJURY,OTHERINJURY,NONINJURED,MALES,FEMALES,BICYCLIST,PASSENGER,DRIVER,PEDESTRIAN,PILLION,MOTORIST,UNKNOWN,PED_CYCLIST_5_12,PED_CYCLIST_13_18,OLD_PEDESTRIAN,OLD_DRIVER,YOUNG_DRIVER,ALCOHOL_RELATED,UNLICENCSED,NO_OF_VEHICLES,HEAVYVEHICLE,PASSENGERVEHICLE,MOTORCYCLE,PUBLICVEHICLE,DEG_URBAN_NAME
20/03/2011,16.20.00,Yes,Collision with vehicle,CROSS TRAFFIC(INTERSECTIONS ONLY),No,Day,Yes,Cross intersection,Serious injury accident,100 km/hr,144.59781,-37.28135,MACEDON RANGES,NORTHERN REGION,5,5,0,1,4,0,3,2,0,3,2,0,0,0,0,0,0,0,0,2,No,0,2,0,2,0,0,Country
20/03/2011,18.42.00,Yes,Collision with vehicle,VEHICLE OFF FOOTPATH STRIKES VEH ON CARRIAGEWAY,No,Day,Yes,Cross intersection,Other injury accident,60 km/hr,145.21406,-37.98482,DANDENONG,METROPOLITAN SOUTH EAST REGION,2,1,0,0,1,1,1,1,1,0,1,0,0,0,0,0,1,0,0,0,No,0,2,0,1,0,0,Metropolitan Excluding CBD
20/03/2011,16.30.00,Yes,No collision and no object struck,OFF CARRIAGEWAY ON LEFT BEND,No,Day,Yes,Not at intersection,Serious injury accident,100 km/hr,146.45855,-38.12005,LATROBE,EASTERN REGION,1,1,0,1,0,0,1,0,0,0,0,0,0,1,0,0,0,0,0,0,No,0,1,0,0,1,0,Country
20/03/2011,14.40.00,No,Collision with vehicle,CROSS TRAFFIC(INTERSECTIONS ONLY),No,Day,Yes,Cross intersection,Other injury accident,60 km/hr,144.98175,-37.85327,PORT PHILLIP,METROPOLITAN NORTH WEST REGION,4,2,0,0,2,2,2,2,0,2,2,0,0,0,0,0,0,0,0,1,No,0,2,0,2,0,0,Metropolitan Excluding CBD
20/03/2011,18.55.00,Yes,Collision with vehicle,HEAD ON (NOT OVERTAKING),No,Day,Yes,Not at intersection,Other injury accident,100 km/hr,146.78018,-36.12813,WODONGA,NORTH EASTERN REGION,3,3,0,0,3,0,3,0,0,1,2,0,0,0,0,0,0,0,0,1,No,0,2,0,2,0,0,Country
20/03/2011,18.20.00,Yes,Collision with vehicle,LEFT FAR (INTERSECTIONS ONLY),No,Dusk/Dawn,Yes,T intersection,Serious injury accident,50 km/hr,145.10273,-37.93624,KINGSTON,METROPOLITAN SOUTH EAST REGION,3,1,0,1,0,2,0,3,0,1,2,0,0,0,0,0,0,0,0,0,No,0,2,0,2,0,0,Metropolitan Excluding CBD
20/03/2011,19.05.00,Yes,Collision with a fixed object,RIGHT OFF CARRIAGEWAY INTO OBJECT/PARKED VEHICLE,No,Dusk/Dawn,Yes,Not at intersection,Serious injury accident,100 km/hr,144.29571,-38.15581,,SOUTH WESTERN REGION,7,3,0,1,2,4,3,4,0,5,2,0,0,0,0,0,0,0,0,0,No,0,2,0,2,0,0,Large Provincial Cities
20/03/2011,23.20.00,Yes,Collision with a fixed object,OFF RIGHT BEND INTO OBJECT/PARKED VEHICLE,No,Dark Street lights on,Yes,Not at intersection,Other injury accident,60 km/hr,145.33753,-37.90538,YARRA RANGES,METROPOLITAN SOUTH EAST REGION,1,1,0,0,1,0,0,1,0,0,1,0,0,0,0,0,0,0,0,1,No,0,1,0,1,0,0,Metropolitan Excluding CBD
20/03/2011,23.00.00,Yes,Collision with a fixed object,LEFT OFF CARRIAGEWAY INTO OBJECT/PARKED VEHICLE,No,Dark Street lights on,Yes,Cross intersection,Serious injury accident,70 km/hr,145.15674,-37.93315,DANDENONG,METROPOLITAN SOUTH EAST REGION,3,1,0,1,0,2,3,0,0,2,1,0,0,0,0,0,0,0,0,1,Yes,0,1,0,1,0,0,Metropolitan Excluding CBD
20/03/2011,20.40.00,Yes,Collision with vehicle,RIGHT THROUGH,No,Dark Street lights on,Yes,Cross intersection,Other injury accident,60 km/hr,144.98291,-37.73596,DAREBIN,METROPOLITAN NORTH WEST REGION,4,1,0,0,1,3,2,2,0,2,2,0,0,0,0,0,0,0,0,1,No,0,2,0,2,0,0,Metropolitan Excluding CBD
20/03/2011,18.45.00,Yes,Collision with vehicle,VEHICLE COLLIDES WITH VEHICLE PARKED ON LEFT OF ROAD,Yes,Day,Yes,Not at intersection,Serious injury accident,80 km/hr,145.21532,-37.8566,KNOX,METROPOLITAN SOUTH EAST REGION,1,1,0,1,0,0,1,0,0,0,1,0,0,0,0,0,0,0,0,0,No,0,3,0,3,0,0,Metropolitan Excluding CBD
20/03/2011,13.20.00,No,Collision with vehicle,VEHICLE COLLIDES WITH VEHICLE PARKED ON LEFT OF ROAD,No,Day,Yes,Not at intersection,Other injury accident,50 km/hr,145.4007,-36.38338,SHEPPARTON,NORTH EASTERN REGION,2,1,0,0,1,1,1,1,0,1,1,0,0,0,0,0,0,0,1,0,No,0,3,0,3,0,0,Small Provincial Cities
20/03/2011,17.00.00,Yes,No collision and no object struck,OUT OF CONTROL ON CARRIAGEWAY (ON BEND),No,Day,No,Not at intersection,Other injury accident,80 km/hr,143.77473,-38.70448,COLAC OTWAY,SOUTH WESTERN REGION,1,1,0,0,1,0,1,0,0,0,0,0,0,1,0,0,0,0,0,0,No,0,1,0,0,1,0,Country
20/03/2011,16.35.00,Yes,Struck animal,STRUCK ANIMAL,No,Day,Yes,T intersection,Other injury accident,60 km/hr,145.76715,-38.10626,BAW BAW,EASTERN REGION,2,2,0,0,2,0,1,1,0,0,0,0,1,1,0,0,0,0,0,0,No,0,1,0,0,1,0,Other Towns
20/03/2011,04.30.00,Yes,Collision with vehicle,RIGHT NEAR (INTERSECTIONS ONLY),No,Dark Street lights on,Yes,Cross intersection,Other injury accident,50 km/hr,144.96109,-37.8193,MELBOURNE,METROPOLITAN NORTH WEST REGION,4,4,0,0,4,0,4,0,0,2,2,0,0,0,0,0,0,0,0,0,No,0,2,0,2,0,0,Metropolitan CBD Only
20/03/2011,20.00.00,Yes,collision with some other object,STRUCK OBJECT ON CARRIAGEWAY,No,Dusk/Dawn,No,Not at intersection,Serious injury accident,100 km/hr,143.97352,-36.29396,LODDON,NORTHERN REGION,1,1,0,1,0,0,1,0,0,0,1,0,0,0,0,0,0,0,0,1,No,0,1,0,1,0,0,Country
20/03/2011,14.30.00,No,Vehicle overturned (no collision),OFF CARRIAGEWAY TO LEFT,No,Day,No,Not at intersection,Serious injury accident,50 km/hr,145.29542,-38.07747,CASEY,METROPOLITAN SOUTH EAST REGION,1,1,0,1,0,0,1,0,0,0,0,0,0,1,0,0,0,0,0,0,No,0,1,0,0,1,0,Metropolitan Excluding CBD
20/03/2011,15.00.00,No,Struck animal,STRUCK ANIMAL,No,Day,No,Not at intersection,Other injury accident,100 km/hr,142.37663,-38.31901,MOYNE,SOUTH WESTERN REGION,1,1,0,0,1,0,1,0,0,0,1,0,0,0,0,0,0,0,0,0,No,0,1,0,1,0,0,Country
20/03/2011,17.00.00,Yes,No collision and no object struck,OUT OF CONTROL ON CARRIAGEWAY (ON STRAIGHT),No,Day,No,Not at intersection,Other injury accident,60 km/hr,144.96945,-37.80375,MELBOURNE,METROPOLITAN NORTH WEST REGION,2,1,0,0,1,1,2,0,1,0,1,0,0,0,0,0,0,0,0,0,No,0,2,0,1,0,0,Metropolitan Excluding CBD
20/03/2011,10.20.00,No,No collision and no object struck,OFF CARRIAGEWAY ON RIGHT BEND,No,Day,Yes,Not at intersection,Other injury accident,50 km/hr,145.22033,-37.23643,MURRINDINDI,NORTH EASTERN REGION,2,2,0,0,2,0,1,1,0,0,0,0,1,1,0,0,0,0,0,0,No,0,1,0,0,1,0,Country
20/03/2011,12.30.00,No,No collision and no object struck,OUT OF CONTROL ON CARRIAGEWAY (ON STRAIGHT),No,Day,No,Cross intersection,Other injury accident,80 km/hr,145.37403,-37.66037,YARRA RANGES,METROPOLITAN SOUTH EAST REGION,1,1,0,0,1,0,0,1,0,0,0,0,0,1,0,0,0,0,0,0,No,0,1,0,0,1,0,Other Towns
21/03/2011,08.10.00,No,Struck Pedestrian,PED NEAR SIDE. PED HIT BY VEHICLE FROM THE RIGHT.,No,Day,No,Not at intersection,Other injury accident,60 km/hr,145.20037,-37.96831,DANDENONG,METROPOLITAN SOUTH EAST REGION,3,1,0,0,1,2,1,2,0,1,1,1,0,0,0,0,0,0,0,0,No,0,1,0,1,0,0,Metropolitan Excluding CBD
21/03/2011,08.05.00,No,Collision with vehicle,REAR END(VEHICLES IN SAME LANE),No,Day,Yes,Not at intersection,Other injury accident,60 km/hr,145.01457,-37.88805,GLEN EIRA,METROPOLITAN SOUTH EAST REGION,2,1,0,0,1,1,0,2,0,0,2,0,0,0,0,0,0,0,0,1,No,0,2,0,2,0,0,Metropolitan Excluding CBD
21/03/2011,09.00.00,No,Struck Pedestrian,PED NEAR SIDE. PED HIT BY VEHICLE FROM THE RIGHT.,No,Day,Yes,Cross intersection,Serious injury accident,50 km/hr,144.28557,-36.75983,BENDIGO,NORTHERN REGION,2,1,0,1,0,1,1,1,0,0,1,1,0,0,0,0,0,0,1,0,No,0,1,0,1,0,0,Large Provincial Cities
21/03/2011,08.45.00,No,Collision with vehicle,RIGHT THROUGH,No,Day,Yes,T intersection,Other injury accident,40 km/hr,144.90218,-37.80006,MARIBYRNONG,METROPOLITAN NORTH WEST REGION,2,1,0,0,1,1,1,1,0,0,1,0,0,1,0,0,0,0,0,0,No,0,2,0,1,1,0,Metropolitan Excluding CBD
21/03/2011,10.19.00,No,Collision with vehicle,CROSS TRAFFIC(INTERSECTIONS ONLY),No,Day,Yes,Cross intersection,Other injury accident,70 km/hr,144.99376,-37.75789,DAREBIN,METROPOLITAN NORTH WEST REGION,2,1,0,0,1,1,2,0,1,0,0,0,0,1,0,0,0,0,0,0,No,0,2,0,0,1,0,Metropolitan Excluding CBD
21/03/2011,07.04.00,No,Collision with vehicle,U TURN,No,Dark Street lights on,Yes,T intersection,Other injury accident,80 km/hr,145.58499,-37.77564,YARRA RANGES,METROPOLITAN SOUTH EAST REGION,2,1,0,0,1,1,1,1,0,0,1,0,0,1,0,0,0,0,0,1,No,0,2,0,1,1,0,Country
21/03/2011,09.45.00,No,Collision with vehicle,RIGHT THROUGH,No,Day,Yes,T intersection,Other injury accident,60 km/hr,145.37195,-37.76398,YARRA RANGES,METROPOLITAN SOUTH EAST REGION,2,1,0,0,1,1,1,1,0,0,2,0,0,0,0,0,0,0,0,0,No,0,2,0,1,0,0,Metropolitan Excluding CBD
21/03/2011,13.10.00,No,Collision with vehicle,LEAVING PARKING,No,Day,Yes,Cross intersection,Other injury accident,50 km/hr,143.739,-37.04839,CENTRAL GOLDFIELDS,WESTERN REGION,2,1,0,0,1,1,1,1,0,0,1,0,0,1,0,0,0,0,0,0,No,0,2,0,1,1,0,Other Towns
21/03/2011,13.12.00,No,Collision with vehicle,RIGHT THROUGH,No,Day,Yes,Cross intersection,Other injury accident,80 km/hr,145.20791,-38.00325,DANDENONG,METROPOLITAN SOUTH EAST REGION,3,1,0,0,1,2,0,3,0,1,2,0,0,0,0,0,0,0,0,0,No,0,2,0,2,0,0,Metropolitan Excluding CBD
21/03/2011,10.30.00,No,Collision with a fixed object,OFF RIGHT BEND INTO OBJECT/PARKED VEHICLE,No,Day,Yes,Not at intersection,Serious injury accident,100 km/hr,141.58809,-37.5789,SOUTHERN GRAMPIANS,SOUTH WESTERN REGION,2,2,0,1,1,0,1,1,0,0,0,0,1,1,0,0,0,0,0,0,No,0,1,0,0,1,0,Country
21/03/2011,09.30.00,No,Collision with vehicle,HEAD ON (NOT OVERTAKING),No,Day,Yes,Not at intersection,Other injury accident,40 km/hr,143.90192,-38.62953,COLAC OTWAY,SOUTH WESTERN REGION,3,1,0,0,1,2,2,1,0,1,2,0,0,0,0,0,0,0,0,0,No,0,2,0,1,0,0,Country
21/03/2011,08.00.00,No,Struck Pedestrian,PED STRUCK WALKING TO/FROM OR BOARDING/ALIGHTING VEHICLE.,No,Day,No,Cross intersection,Other injury accident,60 km/hr,145.02442,-37.65075,WHITTLESEA,METROPOLITAN NORTH WEST REGION,2,1,0,0,1,1,1,0,0,0,0,1,0,1,0,0,0,0,0,0,No,0,1,0,0,1,0,Metropolitan Excluding CBD
21/03/2011,10.30.00,No,No collision and no object struck,OUT OF CONTROL ON CARRIAGEWAY (ON STRAIGHT),No,Day,No,Not at intersection,Other injury accident,50 km/hr,144.52654,-37.35458,MACEDON RANGES,NORTHERN REGION,1,1,0,0,1,0,1,0,0,0,0,0,0,1,0,0,0,0,0,0,No,0,1,0,0,1,0,Other Towns
21/03/2011,11.33.00,No,Collision with vehicle,HEAD ON (NOT OVERTAKING),No,Day,Yes,Not at intersection,Other injury accident,100 km/hr,146.18824,-38.35874,SOUTH GIPPSLAND,EASTERN REGION,2,1,0,0,1,1,2,0,0,0,2,0,0,0,0,0,0,0,0,0,No,0,2,1,1,0,0,Country
21/03/2011,17.52.00,No,Collision with vehicle,REAR END(VEHICLES IN SAME LANE),No,Day,Yes,Cross intersection,Other injury accident,70 km/hr,144.69037,-37.83782,WYNDHAM,METROPOLITAN NORTH WEST REGION,2,1,0,0,1,1,1,1,0,0,2,0,0,0,0,0,0,0,0,0,No,0,2,0,2,0,0,Metropolitan Excluding CBD
21/03/2011,17.33.00,No,Vehicle overturned (no collision),OFF CARRIAGEWAY TO RIGHT,No,Day,Yes,Not at intersection,Serious injury accident,100 km/hr,145.10975,-38.35356,MORNINGTON PENINSULA,METROPOLITAN SOUTH EAST REGION,1,1,0,1,0,0,1,0,0,0,1,0,0,0,0,0,0,0,0,1,No,0,1,0,1,0,0,Country
21/03/2011,20.15.00,Yes,Collision with a fixed object,LEFT OFF CARRIAGEWAY INTO OBJECT/PARKED VEHICLE,No,Dark Street lights on,Yes,T intersection,Serious injury accident,60 km/hr,144.92236,-37.67791,HUME,METROPOLITAN NORTH WEST REGION,1,1,0,1,0,0,1,0,0,0,1,0,0,0,0,0,0,0,1,0,No,0,1,0,1,0,0,Metropolitan Excluding CBD
21/03/2011,21.00.00,Yes,Collision with vehicle,RIGHT REAR.,No,Dark Street lights on,Yes,T intersection,Serious injury accident,60 km/hr,145.0142,-37.67834,WHITTLESEA,METROPOLITAN NORTH WEST REGION,5,2,0,1,1,3,4,1,0,2,3,0,0,0,0,0,0,0,0,0,No,0,3,0,3,0,0,Metropolitan Excluding CBD
21/03/2011,21.40.00,Yes,Collision with vehicle,REAR END(VEHICLES IN SAME LANE),No,Dark Street lights on,Yes,T intersection,Other injury accident,100 km/hr,144.67112,-37.73467,MELTON,METROPOLITAN NORTH WEST REGION,5,2,0,0,2,3,3,2,0,3,2,0,0,0,0,0,0,0,0,1,No,0,2,0,2,0,0,Country
21/03/2011,18.50.00,Yes,Collision with vehicle,CROSS TRAFFIC(INTERSECTIONS ONLY),No,Day,Yes,Cross intersection,Other injury accident,50 km/hr,145.22071,-37.98954,DANDENONG,METROPOLITAN SOUTH EAST REGION,2,1,0,0,1,1,0,2,1,0,1,0,0,0,0,1,0,0,0,0,No,0,2,0,1,0,0,Metropolitan Excluding CBD
21/03/2011,22.00.00,Yes,Collision with a fixed object,LEFT OFF CARRIAGEWAY INTO OBJECT/PARKED VEHICLE,No,Dark Street lights on,Yes,Not at intersection,Serious injury accident,60 km/hr,145.02672,-37.91702,GLEN EIRA,METROPOLITAN SOUTH EAST REGION,1,1,0,1,0,0,1,0,0,0,1,0,0,0,0,0,0,0,0,1,No,0,1,0,1,0,0,Metropolitan Excluding CBD
21/03/2011,12.00.00,No,Collision with vehicle,REAR END(VEHICLES IN SAME LANE),No,Day,Yes,Not at intersection,Other injury accident,50 km/hr,145.04125,-37.7677,BANYULE,METROPOLITAN NORTH WEST REGION,3,1,0,0,1,2,1,1,0,1,2,0,0,0,0,0,0,0,0,0,No,0,2,0,2,0,0,Metropolitan Excluding CBD
21/03/2011,17.15.00,No,No collision and no object struck,OUT OF CONTROL ON CARRIAGEWAY (ON STRAIGHT),No,Day,No,Not at intersection,Other injury accident,Not known,144.84625,-37.84301,HOBSONS BAY,METROPOLITAN NORTH WEST REGION,2,1,0,0,1,1,1,1,0,0,1,0,0,1,0,0,0,0,0,0,No,0,2,0,1,1,0,Metropolitan Excluding CBD
21/03/2011,20.10.00,Yes,Collision with a fixed object,OFF END OF ROAD/T-INTERSECTION.,No,Dark Street lights on,Yes,T intersection,Other injury accident,70 km/hr,144.72945,-36.1404,CAMPASPE,NORTHERN REGION,3,3,0,0,3,0,2,1,0,2,1,0,0,0,0,0,0,0,0,1,No,0,1,0,1,0,0,Small Provincial Cities
21/03/2011,16.00.00,No,Collision with vehicle,REAR END(VEHICLES IN SAME LANE),No,Day,No,Not at intersection,Other injury accident,60 km/hr,144.90992,-37.74531,MOONEE VALLEY,METROPOLITAN NORTH WEST REGION,3,1,0,0,1,2,1,2,0,0,3,0,0,0,0,0,0,0,0,1,No,0,3,0,3,0,0,Metropolitan Excluding CBD
21/03/2011,16.00.00,No,Collision with vehicle,REAR END(VEHICLES IN SAME LANE),No,Day,No,Cross intersection,Other injury accident,Not known,145.12552,-37.67798,NILLUMBIK,METROPOLITAN NORTH WEST REGION,3,2,0,0,2,1,0,3,0,1,2,0,0,0,0,0,0,0,0,0,No,0,2,0,2,0,0,Metropolitan Excluding CBD
21/03/2011,13.30.00,No,Collision with vehicle,U TURN,No,Day,No,Not at intersection,Other injury accident,60 km/hr,144.96941,-37.8207,MELBOURNE,METROPOLITAN NORTH WEST REGION,3,2,0,0,2,1,2,1,0,1,2,0,0,0,0,0,0,0,0,0,No,0,2,0,2,0,0,Metropolitan Excluding CBD
21/03/2011,21.30.00,Yes,Collision with a fixed object,LEFT OFF CARRIAGEWAY INTO OBJECT/PARKED VEHICLE,No,Dark No street lights,No,Not at intersection,Other injury accident,100 km/hr,144.10598,-37.6014,MOORABOOL,WESTERN REGION,2,2,0,0,2,0,0,2,0,1,1,0,0,0,0,0,0,0,0,1,No,0,1,0,1,0,0,Country
21/03/2011,19.30.00,Yes,Collision with a fixed object,RIGHT OFF CARRIAGEWAY INTO OBJECT/PARKED VEHICLE,No,Dusk/Dawn,Yes,T intersection,Other injury accident,110 km/hr,142.27993,-34.76372,MILDURA,WESTERN REGION,1,1,0,0,1,0,0,1,0,0,1,0,0,0,0,0,0,0,0,1,No,0,1,0,1,0,0,Country
21/03/2011,08.45.00,No,Collision with vehicle,VEHICLE COLLIDES WITH VEHICLE PARKED ON LEFT OF ROAD,No,Day,No,T intersection,Serious injury accident,60 km/hr,144.97581,-37.83695,MELBOURNE,METROPOLITAN NORTH WEST REGION,2,1,0,1,0,1,2,0,1,0,1,0,0,0,0,0,0,0,0,0,No,0,2,0,1,0,0,Metropolitan Excluding CBD
21/03/2011,08.05.00,No,Collision with vehicle,CROSS TRAFFIC(INTERSECTIONS ONLY),No,Day,Yes,Cross intersection,Other injury accident,60 km/hr,143.86191,-37.53967,BALLARAT,WESTERN REGION,3,1,0,0,1,2,1,2,0,1,2,0,0,0,0,0,0,0,0,0,No,0,2,0,2,0,0,Large Provincial Cities
21/03/2011,07.10.00,No,Collision with vehicle,RIGHT TURN SIDESWIPE,No,Day,No,Not at intersection,Other injury accident,50 km/hr,145.04027,-37.66704,WHITTLESEA,METROPOLITAN NORTH WEST REGION,2,1,0,0,1,1,2,0,0,0,1,0,0,1,0,0,0,0,0,1,No,0,2,0,1,1,0,Metropolitan Excluding CBD
21/03/2011,10.00.00,No,Collision with vehicle,REAR END(VEHICLES IN SAME LANE),No,Day,No,Cross intersection,Other injury accident,70 km/hr,145.01918,-37.90136,BAYSIDE,METROPOLITAN SOUTH EAST REGION,2,1,0,0,1,1,0,2,0,0,2,0,0,0,0,0,0,0,0,0,No,0,2,0,2,0,0,Metropolitan Excluding CBD
21/03/2011,13.30.00,No,Collision with a fixed object,RIGHT OFF CARRIAGEWAY INTO OBJECT/PARKED VEHICLE,No,Day,No,Cross intersection,Other injury accident,50 km/hr,145.39832,-36.37883,SHEPPARTON,NORTH EASTERN REGION,1,1,0,0,1,0,0,1,0,0,1,0,0,0,0,0,0,0,0,0,No,0,1,0,1,0,0,Small Provincial Cities
21/03/2011,09.20.00,No,Collision with vehicle,LEFT REAR,No,Day,No,Cross intersection,Other injury accident,Not known,145.10615,-37.89701,MONASH,METROPOLITAN SOUTH EAST REGION,2,1,0,0,1,1,1,1,0,0,2,0,0,0,0,0,0,0,1,0,No,0,2,0,2,0,0,Metropolitan Excluding CBD
22/03/2011,07.05.00,No,Collision with vehicle,LEFT TURN SIDESWIPE,No,Day,Yes,Cross intersection,Serious injury accident,60 km/hr,144.84505,-37.85008,HOBSONS BAY,METROPOLITAN NORTH WEST REGION,2,1,0,1,0,1,2,0,1,0,1,0,0,0,0,0,0,0,0,0,No,0,2,0,1,0,0,Metropolitan Excluding CBD
22/03/2011,04.15.00,Yes,Struck animal,STRUCK ANIMAL,No,Dark No street lights,Yes,Not at intersection,Serious injury accident,80 km/hr,144.12171,-37.39319,HEPBURN,WESTERN REGION,1,1,0,1,0,0,1,0,0,0,0,0,0,1,0,0,0,0,0,0,No,0,1,0,0,1,0,Country
22/03/2011,06.35.00,No,collision with some other object,STRUCK OBJECT ON CARRIAGEWAY,No,Dusk/Dawn,Yes,Not at intersection,Serious injury accident,80 km/hr,145.02671,-37.83667,STONNINGTON,METROPOLITAN SOUTH EAST REGION,1,1,0,1,0,0,1,0,0,0,0,0,0,1,0,0,0,0,0,0,No,1,1,0,0,1,0,Metropolitan Excluding CBD
22/03/2011,09.30.00,No,Collision with vehicle,RIGHT REAR.,No,Day,No,T intersection,Serious injury accident,50 km/hr,145.40701,-36.3625,SHEPPARTON,NORTH EASTERN REGION,2,2,0,1,1,0,0,2,0,0,2,0,0,0,0,0,0,0,0,1,No,0,2,0,2,0,0,Small Provincial Cities
22/03/2011,08.16.00,No,Collision with vehicle,REAR END(VEHICLES IN SAME LANE),No,Day,Yes,Not at intersection,Other injury accident,60 km/hr,145.01499,-37.88581,GLEN EIRA,METROPOLITAN SOUTH EAST REGION,6,4,0,0,4,2,2,3,0,3,3,0,0,0,0,0,0,0,0,1,No,0,3,0,3,0,0,Metropolitan Excluding CBD
22/03/2011,08.15.00,No,Collision with vehicle,LANE CHANGE RIGHT (NOT OVERTAKING),No,Day,Yes,Cross intersection,Other injury accident,60 km/hr,145.21336,-37.81722,MAROONDAH,METROPOLITAN SOUTH EAST REGION,3,1,0,0,1,2,0,3,0,0,3,0,0,0,0,0,0,0,0,0,No,0,3,0,3,0,0,Metropolitan Excluding CBD
22/03/2011,10.00.00,No,Struck Pedestrian,PED NEAR SIDE. PED HIT BY VEHICLE FROM THE RIGHT.,Yes,Day,Yes,Not at intersection,Other injury accident,50 km/hr,145.21472,-37.98086,DANDENONG,METROPOLITAN SOUTH EAST REGION,2,1,0,0,1,1,0,1,0,0,1,1,0,0,0,0,1,0,0,0,No,0,1,0,1,0,0,Metropolitan Excluding CBD
22/03/2011,10.00.00,No,Collision with vehicle,VEHICLE STRIKES ANOTHER VEH WHILE EMERGING FROM DRIVEWAY,No,Day,Yes,Not at intersection,Other injury accident,100 km/hr,145.31388,-37.50788,MURRINDINDI,NORTH EASTERN REGION,4,1,0,0,1,3,2,2,0,2,2,0,0,0,0,0,0,0,0,0,No,0,2,1,1,0,0,Country
22/03/2011,08.23.00,No,Vehicle overturned (no collision),OFF CARRIAGEWAY ON RIGHT BEND,No,Day,Yes,Not at intersection,Serious injury accident,80 km/hr,144.88951,-37.38725,MACEDON RANGES,NORTHERN REGION,1,1,0,1,0,0,0,1,0,0,1,0,0,0,0,0,0,0,0,1,No,0,1,0,1,0,0,Country
22/03/2011,08.50.00,No,Collision with vehicle,CROSS TRAFFIC(INTERSECTIONS ONLY),No,Day,Yes,Cross intersection,Other injury accident,50 km/hr,145.00871,-37.69753,DAREBIN,METROPOLITAN NORTH WEST REGION,3,1,0,0,1,2,0,3,0,1,2,0,0,0,0,0,0,0,0,0,No,1,2,0,2,0,0,Metropolitan Excluding CBD
22/03/2011,11.52.00,No,Vehicle overturned (no collision),OUT OF CONTROL ON CARRIAGEWAY (ON STRAIGHT),No,Day,Yes,Not at intersection,Serious injury accident,100 km/hr,145.52873,-36.3647,SHEPPARTON,NORTH EASTERN REGION,1,1,0,1,0,0,1,0,0,0,1,0,0,0,0,0,0,0,0,0,No,0,1,1,0,0,0,Country
22/03/2011,13.50.00,No,Struck Pedestrian,ANY MANOEUVRE INVOLVING PED NOT INCLUDED IN DCAs 100-108.,No,Day,Yes,Cross intersection,Other injury accident,70 km/hr,145.00139,-37.85887,STONNINGTON,METROPOLITAN SOUTH EAST REGION,2,1,0,0,1,1,0,1,0,0,1,1,0,0,0,0,0,1,0,0,No,0,1,0,0,0,1,Metropolitan Excluding CBD
22/03/2011,11.15.00,No,Collision with a fixed object,LEFT OFF CARRIAGEWAY INTO OBJECT/PARKED VEHICLE,No,Day,Yes,Not at intersection,Other injury accident,100 km/hr,144.98133,-36.34536,CAMPASPE,NORTHERN REGION,1,1,0,0,1,0,1,0,0,0,1,0,0,0,0,0,0,0,1,0,No,0,1,0,1,0,0,Country
22/03/2011,08.15.00,No,Collision with vehicle,HEAD ON (NOT OVERTAKING),No,Day,Yes,Not at intersection,Other injury accident,50 km/hr,144.98156,-37.39474,MITCHELL,NORTHERN REGION,2,1,0,0,1,1,1,1,0,0,2,0,0,0,0,0,0,0,0,1,No,0,2,0,2,0,0,Other Towns
22/03/2011,12.30.00,No,Collision with a fixed object,OFF RIGHT BEND INTO OBJECT/PARKED VEHICLE,No,Day,Yes,Not at intersection,Serious injury accident,100 km/hr,146.6617,-38.05818,LATROBE,EASTERN REGION,1,1,0,1,0,0,1,0,0,0,1,0,0,0,0,0,0,0,0,0,Yes,0,1,0,1,0,0,Country
22/03/2011,14.10.00,No,Collision with vehicle,REAR END(VEHICLES IN SAME LANE),No,Day,Yes,T intersection,Other injury accident,50 km/hr,144.9151,-37.7941,MELBOURNE,METROPOLITAN NORTH WEST REGION,2,2,0,0,2,0,1,1,0,0,2,0,0,0,0,0,0,0,0,0,No,0,2,0,2,0,0,Metropolitan Excluding CBD
22/03/2011,14.25.00,No,Collision with vehicle,RIGHT FAR (INTERSECTIONS ONLY),No,Day,No,T intersection,Other injury accident,50 km/hr,144.96229,-37.76608,MORELAND,METROPOLITAN NORTH WEST REGION,2,1,0,0,1,1,1,1,0,0,2,0,0,0,0,0,0,0,0,1,No,0,2,0,2,0,0,Metropolitan Excluding CBD
22/03/2011,16.09.00,No,Collision with vehicle,VEHICLE COLLIDES WITH VEHICLE PARKED ON LEFT OF ROAD,No,Day,Yes,Not at intersection,Other injury accident,60 km/hr,145.04466,-37.9007,GLEN EIRA,METROPOLITAN SOUTH EAST REGION,3,1,0,0,1,2,2,1,0,2,1,0,0,0,0,0,0,0,0,0,No,0,3,0,3,0,0,Metropolitan Excluding CBD
22/03/2011,15.30.00,No,Collision with vehicle,REAR END(VEHICLES IN SAME LANE),Not known,Day,Yes,Not at intersection,Other injury accident,60 km/hr,144.98881,-37.74601,DAREBIN,METROPOLITAN NORTH WEST REGION,4,3,0,0,3,1,0,4,0,1,3,0,0,0,0,0,0,0,0,0,No,0,3,0,3,0,0,Metropolitan Excluding CBD