ACCIDENT_DATE,ACCIDENT_TIME,ALCOHOLTIME,ACCIDENT_TYPE,DCA_CODE,HIT_RUN_FLAG,LIGHT_CONDITION,POLICE_ATTEND,ROAD_GEOMETRY,SEVERITY,SPEED_ZONE,LONGITUDE,LATITUDE,LGA_NAME,REGION_NAME,TOTAL_PERSONS,INJ_OR_FATAL,FATALITY,SERIOUSINJURY,OTHERINJURY,NONINJURED,MALES,FEMALES,BICYCLIST,PASSENGER,DRIVER,PEDESTRIAN,PILLION,MOTORIST,UNKNOWN,PED_CYCLIST_5_12,PED_CYCLIST_13_18,OLD_PEDESTRIAN,OLD_DRIVER,YOUNG_DRIVER,ALCOHOL_RELATED,UNLICENCSED,NO_OF_VEHICLES,HEAVYVEHICLE,PASSENGERVEHICLE,MOTORCYCLE,PUBLICVEHICLE,DEG_URBAN_NAME
23/05/2011,12.36.00,No,Struck Pedestrian,PED NEAR SIDE. PED HIT BY VEHICLE FROM THE RIGHT.,No,Day,Yes,Not at intersection,Other injury accident,70 km/hr,145.14336,-37.78909,MANNINGHAM,METROPOLITAN SOUTH EAST REGION,3,1,0,0,1,2,1,2,0,1,1,1,0,0,0,0,0,1,0,0,No,0,1,0,1,0,0,Metropolitan Excluding CBD
23/05/2011,13.25.00,No,Collision with vehicle,REAR END(VEHICLES IN SAME LANE),No,Day,Yes,Multiple intersection,Serious injury accident,80 km/hr,144.88192,-37.69101,HUME,METROPOLITAN NORTH WEST REGION,2,1,0,1,0,1,2,0,0,0,2,0,0,0,0,0,0,0,0,1,No,0,2,1,1,0,0,Metropolitan Excluding CBD
23/05/2011,04.30.00,Yes,Collision with a fixed object,RIGHT OFF CARRIAGEWAY INTO OBJECT/PARKED VEHICLE,No,Dark Street lights unknown,Yes,Not at intersection,Fatal accident,80 km/hr,144.7173,-37.9258,WYNDHAM,METROPOLITAN NORTH WEST REGION,1,1,1,0,0,0,1,0,0,0,1,0,0,0,0,0,0,0,0,0,No,0,1,0,1,0,0,Country
23/05/2011,12.06.00,No,Collision with vehicle,RIGHT NEAR (INTERSECTIONS ONLY),No,Day,Yes,T intersection,Serious injury accident,60 km/hr,145.02846,-37.68987,WHITTLESEA,METROPOLITAN NORTH WEST REGION,4,2,0,2,0,2,1,3,0,2,2,0,0,0,0,0,0,0,0,0,No,0,2,0,2,0,0,Metropolitan Excluding CBD
23/05/2011,11.35.00,No,No collision and no object struck,OUT OF CONTROL ON CARRIAGEWAY (ON STRAIGHT),No,Day,Yes,Not at intersection,Serious injury accident,50 km/hr,145.02728,-37.8433,STONNINGTON,METROPOLITAN SOUTH EAST REGION,1,1,0,1,0,0,1,0,0,0,0,0,0,1,0,0,0,0,0,0,No,0,1,0,0,1,0,Metropolitan Excluding CBD
23/05/2011,08.35.00,No,No collision and no object struck,OFF CARRIAGEWAY TO RIGHT,No,Day,Yes,Not at intersection,Other injury accident,100 km/hr,143.17113,-38.34681,CORANGAMITE,SOUTH WESTERN REGION,1,1,0,0,1,0,1,0,0,0,1,0,0,0,0,0,0,0,0,0,No,0,1,1,0,0,0,Country
23/05/2011,14.00.00,No,Collision with a fixed object,LEFT OFF CARRIAGEWAY INTO OBJECT/PARKED VEHICLE,No,Day,Yes,Not at intersection,Other injury accident,110 km/hr,141.92829,-34.25115,MILDURA,WESTERN REGION,2,2,0,0,2,0,1,1,0,1,1,0,0,0,0,0,0,0,1,0,No,0,1,0,1,0,0,Country
23/05/2011,15.00.00,No,Fall from or in moving vehicle,OUT OF CONTROL ON CARRIAGEWAY (ON STRAIGHT),No,Day,Yes,Not at intersection,Serious injury accident,60 km/hr,145.04995,-37.83058,BOROONDARA,METROPOLITAN SOUTH EAST REGION,1,1,0,1,0,0,1,0,0,0,0,0,0,1,0,0,0,0,0,0,No,0,1,0,0,1,0,Metropolitan Excluding CBD
23/05/2011,15.33.00,No,Collision with vehicle,RIGHT NEAR (INTERSECTIONS ONLY),No,Day,Yes,T intersection,Other injury accident,60 km/hr,144.86447,-37.73633,MOONEE VALLEY,METROPOLITAN NORTH WEST REGION,3,2,0,0,2,1,2,1,0,1,2,0,0,0,0,0,0,0,0,2,No,0,2,0,2,0,0,Metropolitan Excluding CBD
23/05/2011,16.25.00,No,Collision with vehicle,REAR END(VEHICLES IN SAME LANE),No,Day,Yes,Not at intersection,Other injury accident,60 km/hr,144.98092,-37.82362,MELBOURNE,METROPOLITAN NORTH WEST REGION,2,1,0,0,1,1,1,1,0,0,2,0,0,0,0,0,0,0,0,1,No,0,2,0,2,0,0,Metropolitan Excluding CBD
23/05/2011,14.56.00,No,Struck Pedestrian,ANY MANOEUVRE INVOLVING PED NOT INCLUDED IN DCAs 100-108.,No,Day,Yes,Cross intersection,Other injury accident,50 km/hr,144.95645,-37.81175,MELBOURNE,METROPOLITAN NORTH WEST REGION,2,1,0,0,1,1,1,1,0,0,1,1,0,0,0,0,0,0,0,0,No,0,1,0,0,0,1,Metropolitan CBD Only
23/05/2011,16.15.00,No,Collision with vehicle,HEAD ON (NOT OVERTAKING),No,Dusk/Dawn,Yes,Not at intersection,Serious injury accident,60 km/hr,144.80364,-37.63716,HUME,METROPOLITAN NORTH WEST REGION,2,1,0,1,0,1,1,1,0,0,2,0,0,0,0,0,0,0,0,1,No,0,2,0,2,0,0,Small Towns
23/05/2011,16.45.00,No,Collision with vehicle,VEHICLE STRIKES DOOR OF PARKED/STATIONARY VEHICLE,No,Dusk/Dawn,Yes,T intersection,Other injury accident,50 km/hr,145.00334,-37.93299,BAYSIDE,METROPOLITAN SOUTH EAST REGION,2,1,0,0,1,1,1,1,1,0,1,0,0,0,0,0,0,0,0,0,No,0,2,0,1,0,0,Metropolitan Excluding CBD
23/05/2011,15.55.00,No,Collision with vehicle,CROSS TRAFFIC(INTERSECTIONS ONLY),No,Day,Yes,Cross intersection,Serious injury accident,60 km/hr,144.99729,-37.88383,GLEN EIRA,METROPOLITAN SOUTH EAST REGION,2,1,0,1,0,1,2,0,0,0,2,0,0,0,0,0,0,0,0,1,No,0,2,0,2,0,0,Metropolitan Excluding CBD
23/05/2011,17.45.00,No,Struck Pedestrian,FAR SIDE. PED HIT BY VEHICLE FROM THE LEFT,No,Dark Street lights on,Yes,T intersection,Other injury accident,60 km/hr,145.3187,-37.78646,YARRA RANGES,METROPOLITAN SOUTH EAST REGION,2,1,0,0,1,1,2,0,0,0,1,1,0,0,0,0,0,0,0,0,No,0,1,0,1,0,0,Metropolitan Excluding CBD
23/05/2011,17.15.00,No,Collision with vehicle,CROSS TRAFFIC(INTERSECTIONS ONLY),No,Day,Yes,Cross intersection,Other injury accident,50 km/hr,142.02006,-37.73682,SOUTHERN GRAMPIANS,SOUTH WESTERN REGION,3,1,0,0,1,2,1,2,0,1,2,0,0,0,0,0,0,0,0,0,No,0,2,0,2,0,0,Other Towns
23/05/2011,18.00.00,Yes,Collision with vehicle,CROSS TRAFFIC(INTERSECTIONS ONLY),No,Dark Street lights on,Yes,Cross intersection,Other injury accident,70 km/hr,144.3694,-38.15317,GEELONG,SOUTH WESTERN REGION,2,1,0,0,1,1,1,1,0,0,2,0,0,0,0,0,0,0,0,1,No,0,2,0,2,0,0,Large Provincial Cities
23/05/2011,17.25.00,No,Collision with vehicle,REAR END(VEHICLES IN SAME LANE),No,Dark Street lights on,Yes,T intersection,Serious injury accident,100 km/hr,145.54762,-38.27185,CARDINIA,METROPOLITAN SOUTH EAST REGION,4,3,0,2,1,1,3,1,0,2,2,0,0,0,0,0,0,0,0,0,No,0,2,0,2,0,0,Country
23/05/2011,18.30.00,Yes,Struck Pedestrian,ANY MANOEUVRE INVOLVING PED NOT INCLUDED IN DCAs 100-108.,No,Dark Street lights off,Yes,Not at intersection,Serious injury accident,50 km/hr,144.59267,-37.66337,MELTON,METROPOLITAN NORTH WEST REGION,4,1,0,1,0,3,4,0,0,2,1,1,0,0,0,0,0,0,0,0,No,0,1,0,1,0,0,Small Provincial Cities
23/05/2011,19.10.00,Yes,Collision with a fixed object,LEFT OFF CARRIAGEWAY INTO OBJECT/PARKED VEHICLE,No,Dark Street lights on,Yes,Not at intersection,Other injury accident,60 km/hr,144.91512,-37.70117,MORELAND,METROPOLITAN NORTH WEST REGION,3,1,0,0,1,2,0,3,0,2,1,0,0,0,0,0,0,0,0,1,No,0,1,0,1,0,0,Metropolitan Excluding CBD
23/05/2011,18.00.00,Yes,Struck Pedestrian,ANY MANOEUVRE INVOLVING PED NOT INCLUDED IN DCAs 100-108.,No,Dark Street lights on,Yes,Cross intersection,Other injury accident,80 km/hr,145.23402,-37.92275,KNOX,METROPOLITAN SOUTH EAST REGION,2,1,0,0,1,1,1,1,0,0,1,1,0,0,0,0,0,0,0,0,No,0,1,0,1,0,0,Metropolitan Excluding CBD
23/05/2011,18.30.00,Yes,Collision with vehicle,REVERSING IN STREAM OF TRAFFIC,Yes,Dark Street lights on,Yes,T intersection,Other injury accident,40 km/hr,144.99495,-37.80004,YARRA,METROPOLITAN NORTH WEST REGION,2,1,0,0,1,1,2,0,0,0,2,0,0,0,0,0,0,0,0,0,Yes,0,2,0,2,0,0,Metropolitan Excluding CBD
23/05/2011,21.55.00,Yes,Collision with a fixed object,LEFT OFF CARRIAGEWAY INTO OBJECT/PARKED VEHICLE,No,Dark Street lights on,Yes,Not at intersection,Serious injury accident,70 km/hr,145.17822,-37.79547,MANNINGHAM,METROPOLITAN SOUTH EAST REGION,1,1,0,1,0,0,1,0,0,0,1,0,0,0,0,0,0,0,0,1,No,0,1,0,1,0,0,Metropolitan Excluding CBD
23/05/2011,17.55.00,No,Collision with vehicle,RIGHT THROUGH,No,Dark Street lights on,Yes,Cross intersection,Serious injury accident,80 km/hr,145.10925,-37.98661,KINGSTON,METROPOLITAN SOUTH EAST REGION,4,4,0,3,1,0,1,3,0,2,2,0,0,0,0,0,0,0,0,0,No,0,2,0,2,0,0,Metropolitan Excluding CBD
23/05/2011,13.22.00,No,Collision with vehicle,RIGHT NEAR (INTERSECTIONS ONLY),No,Day,Yes,T intersection,Other injury accident,50 km/hr,145.18241,-37.87261,MONASH,METROPOLITAN SOUTH EAST REGION,2,1,0,0,1,1,0,2,0,0,2,0,0,0,0,0,0,0,0,0,No,0,2,0,2,0,0,Metropolitan Excluding CBD
23/05/2011,20.35.00,Yes,Collision with vehicle,RIGHT NEAR (INTERSECTIONS ONLY),No,Dark Street lights on,Yes,T intersection,Serious injury accident,60 km/hr,144.89595,-37.76944,MARIBYRNONG,METROPOLITAN NORTH WEST REGION,3,2,0,1,1,1,2,1,0,0,3,0,0,0,0,0,0,0,0,1,No,0,3,0,3,0,0,Metropolitan Excluding CBD
23/05/2011,15.50.00,No,Collision with vehicle,RIGHT NEAR (INTERSECTIONS ONLY),Yes,Day,Yes,T intersection,Other injury accident,60 km/hr,144.94942,-37.66672,HUME,METROPOLITAN NORTH WEST REGION,3,1,0,0,1,2,1,1,0,1,1,0,0,0,1,0,0,0,0,0,No,0,2,0,1,0,0,Metropolitan Excluding CBD
23/05/2011,14.20.00,No,Struck Pedestrian,PED PLAYING/LYING/WORKING/STANDING ON CARRIAGEWAY.,Yes,Day,No,Cross intersection,Other injury accident,40 km/hr,144.97487,-37.75667,MORELAND,METROPOLITAN NORTH WEST REGION,2,1,0,0,1,1,0,1,0,0,1,1,0,0,0,0,0,0,0,0,No,0,1,0,1,0,0,Metropolitan Excluding CBD
23/05/2011,16.30.00,No,Collision with vehicle,RIGHT NEAR (INTERSECTIONS ONLY),No,Day,No,T intersection,Other injury accident,Not known,145.04873,-37.84519,BOROONDARA,METROPOLITAN SOUTH EAST REGION,2,1,0,0,1,1,1,1,0,0,2,0,0,0,0,0,0,0,0,0,No,0,2,0,2,0,0,Metropolitan Excluding CBD
23/05/2011,20.30.00,Yes,Collision with vehicle,REAR END(VEHICLES IN SAME LANE),No,Dark Street lights on,Yes,T intersection,Other injury accident,60 km/hr,145.16013,-37.70393,NILLUMBIK,METROPOLITAN NORTH WEST REGION,2,1,0,0,1,1,2,0,0,0,2,0,0,0,0,0,0,0,0,0,No,0,2,0,2,0,0,Metropolitan Excluding CBD
23/05/2011,09.35.00,No,Collision with vehicle,REAR END(VEHICLES IN SAME LANE),No,Day,No,Not at intersection,Serious injury accident,60 km/hr,145.13224,-37.85278,WHITEHORSE,METROPOLITAN SOUTH EAST REGION,2,1,0,1,0,1,2,0,0,0,2,0,0,0,0,0,0,0,1,0,No,0,2,0,2,0,0,Metropolitan Excluding CBD
23/05/2011,17.50.00,No,Struck Pedestrian,PED NEAR SIDE. PED HIT BY VEHICLE FROM THE RIGHT.,No,Dusk/Dawn,No,Cross intersection,Other injury accident,60 km/hr,144.92296,-37.78918,MELBOURNE,METROPOLITAN NORTH WEST REGION,2,1,0,0,1,1,0,1,0,0,1,1,0,0,0,0,0,0,0,0,No,0,1,0,1,0,0,Metropolitan Excluding CBD
23/05/2011,11.15.00,No,Collision with vehicle,RIGHT THROUGH,No,Day,Yes,Cross intersection,Serious injury accident,80 km/hr,145.19512,-38.15071,FRANKSTON,METROPOLITAN SOUTH EAST REGION,3,2,0,2,0,1,2,1,0,1,2,0,0,0,0,0,0,0,0,2,No,0,2,0,2,0,0,Metropolitan Excluding CBD
23/05/2011,08.20.00,No,Collision with vehicle,REAR END(VEHICLES IN SAME LANE),No,Day,No,Not at intersection,Other injury accident,Not known,145.14282,-38.00051,DANDENONG,METROPOLITAN SOUTH EAST REGION,3,1,0,0,1,2,0,1,0,0,1,0,0,0,2,0,0,0,0,1,No,0,3,0,1,0,0,Metropolitan Excluding CBD
23/05/2011,16.38.00,No,Collision with vehicle,VEHICLE STRIKES ANOTHER VEH WHILE EMERGING FROM DRIVEWAY,No,Day,No,Not at intersection,Other injury accident,40 km/hr,145.25932,-38.03465,CASEY,METROPOLITAN SOUTH EAST REGION,2,1,0,0,1,1,2,0,0,0,2,0,0,0,0,0,0,0,0,0,No,0,2,0,2,0,0,Metropolitan Excluding CBD
24/05/2011,15.15.00,No,Collision with vehicle,HEAD ON (NOT OVERTAKING),No,Day,No,Multiple intersection,Other injury accident,60 km/hr,144.98382,-37.87592,PORT PHILLIP,METROPOLITAN NORTH WEST REGION,2,1,0,0,1,1,1,1,1,0,1,0,0,0,0,0,0,0,0,0,No,0,2,0,1,0,0,Metropolitan Excluding CBD
24/05/2011,19.15.00,Yes,Collision with vehicle,RIGHT FAR (INTERSECTIONS ONLY),No,Dark Street lights on,No,T intersection,Other injury accident,50 km/hr,144.98752,-37.83342,MELBOURNE,METROPOLITAN SOUTH EAST REGION,2,1,0,0,1,1,1,1,0,0,1,0,0,1,0,0,0,0,0,0,No,0,2,0,1,1,0,Metropolitan Excluding CBD
24/05/2011,08.30.00,No,Collision with vehicle,REAR END(VEHICLES IN SAME LANE),No,Day,No,T intersection,Other injury accident,Not known,145.19435,-37.93775,DANDENONG,METROPOLITAN SOUTH EAST REGION,2,1,0,0,1,1,2,0,0,0,2,0,0,0,0,0,0,0,0,0,No,0,2,1,1,0,0,Metropolitan Excluding CBD
24/05/2011,08.45.00,No,Struck Pedestrian,PED NEAR SIDE. PED HIT BY VEHICLE FROM THE RIGHT.,No,Day,Yes,Cross intersection,Other injury accident,50 km/hr,145.08504,-37.83446,BOROONDARA,METROPOLITAN SOUTH EAST REGION,2,1,0,0,1,1,1,1,0,0,1,1,0,0,0,1,0,0,0,0,No,0,1,0,1,0,0,Metropolitan Excluding CBD
24/05/2011,08.40.00,No,Collision with vehicle,RIGHT NEAR (INTERSECTIONS ONLY),No,Day,Yes,T intersection,Other injury accident,70 km/hr,145.20878,-37.83336,WHITEHORSE,METROPOLITAN SOUTH EAST REGION,2,1,0,0,1,1,2,0,0,0,2,0,0,0,0,0,0,0,0,0,No,0,2,0,2,0,0,Metropolitan Excluding CBD
24/05/2011,08.15.00,No,Collision with vehicle,VEHICLE STRIKES ANOTHER VEH WHILE EMERGING FROM DRIVEWAY,No,Day,No,T intersection,Other injury accident,50 km/hr,145.1768,-38.3442,MORNINGTON PENINSULA,METROPOLITAN SOUTH EAST REGION,2,1,0,0,1,1,2,0,0,0,1,0,0,1,0,0,0,0,0,0,No,0,2,0,1,1,0,Metropolitan Excluding CBD
24/05/2011,08.30.00,No,Collision with vehicle,REAR END(VEHICLES IN SAME LANE),No,Day,Yes,Not at intersection,Serious injury accident,60 km/hr,144.81387,-37.64051,HUME,METROPOLITAN NORTH WEST REGION,2,1,0,1,0,1,0,2,0,0,2,0,0,0,0,0,0,0,0,0,No,0,2,0,2,0,0,Country
24/05/2011,10.05.00,No,Collision with vehicle,LEFT TURN SIDESWIPE,Yes,Day,Yes,T intersection,Serious injury accident,60 km/hr,145.09553,-37.83567,BOROONDARA,METROPOLITAN SOUTH EAST REGION,2,1,0,1,0,1,2,0,0,0,1,0,0,1,0,0,0,0,0,0,No,0,2,0,0,1,0,Metropolitan Excluding CBD
24/05/2011,08.25.00,No,Collision with vehicle,RIGHT THROUGH,No,Day,Yes,T intersection,Serious injury accident,80 km/hr,145.28544,-37.92503,KNOX,METROPOLITAN SOUTH EAST REGION,2,2,0,2,0,0,0,2,0,0,2,0,0,0,0,0,0,0,0,0,No,0,2,0,2,0,0,Country
24/05/2011,12.10.00,No,Collision with a fixed object,LEFT OFF CARRIAGEWAY INTO OBJECT/PARKED VEHICLE,No,Day,Yes,T intersection,Serious injury accident,60 km/hr,144.348,-38.08706,GEELONG,SOUTH WESTERN REGION,1,1,0,1,0,0,1,0,0,0,1,0,0,0,0,0,0,0,0,0,No,1,1,0,1,0,0,Large Provincial Cities
24/05/2011,12.45.00,No,Struck Pedestrian,FAR SIDE. PED HIT BY VEHICLE FROM THE LEFT,No,Day,Yes,Not at intersection,Serious injury accident,80 km/hr,145.08309,-37.99408,KINGSTON,METROPOLITAN SOUTH EAST REGION,3,1,0,1,0,2,1,2,0,1,1,1,0,0,0,0,0,0,0,0,No,0,1,0,1,0,0,Metropolitan Excluding CBD
24/05/2011,12.15.00,No,No collision and no object struck,OUT OF CONTROL ON CARRIAGEWAY (ON STRAIGHT),No,Day,Yes,Not at intersection,Other injury accident,110 km/hr,144.08974,-37.56178,MOORABOOL,WESTERN REGION,1,1,0,0,1,0,0,0,0,0,0,0,0,1,0,0,0,0,0,0,No,0,1,0,0,1,0,Country
24/05/2011,09.30.00,No,Collision with vehicle,RIGHT/LEFT. ONE VEH TURNING RIGHT THE OTHER LEFT.,No,Day,No,Multiple intersection,Other injury accident,60 km/hr,145.25185,-38.00364,CASEY,METROPOLITAN SOUTH EAST REGION,2,2,0,0,2,0,2,0,0,0,2,0,0,0,0,0,0,0,0,0,No,0,2,1,1,0,0,Metropolitan Excluding CBD
24/05/2011,13.05.00,No,Struck Pedestrian,FAR SIDE. PED HIT BY VEHICLE FROM THE LEFT,No,Day,Yes,T intersection,Serious injury accident,60 km/hr,145.1243,-37.81611,WHITEHORSE,METROPOLITAN SOUTH EAST REGION,2,1,0,1,0,1,1,1,0,0,1,1,0,0,0,0,0,1,0,1,No,0,1,0,1,0,0,Metropolitan Excluding CBD
24/05/2011,13.00.00,No,Collision with vehicle,RIGHT NEAR (INTERSECTIONS ONLY),No,Day,Yes,T intersection,Serious injury accident,60 km/hr,145.22733,-37.815,MAROONDAH,METROPOLITAN SOUTH EAST REGION,2,1,0,1,0,1,2,0,0,0,2,0,0,0,0,0,0,0,0,1,No,0,2,0,2,0,0,Metropolitan Excluding CBD
24/05/2011,11.23.00,No,Collision with a fixed object,OFF LEFT BEND INTO OBJECT/PARKED VEHICLE,No,Day,Yes,Not at intersection,Other injury accident,100 km/hr,147.0063,-37.64626,WELLINGTON,EASTERN REGION,1,1,0,0,1,0,1,0,0,0,1,0,0,0,0,0,0,0,0,0,No,0,1,1,0,0,0,Country
24/05/2011,09.36.00,No,Struck Pedestrian,FAR SIDE. PED HIT BY VEHICLE FROM THE LEFT,No,Day,Yes,Cross intersection,Serious injury accident,60 km/hr,145.26504,-37.84127,KNOX,METROPOLITAN SOUTH EAST REGION,2,1,0,1,0,1,1,1,0,0,1,1,0,0,0,0,0,0,0,0,No,0,1,0,1,0,0,Metropolitan Excluding CBD
24/05/2011,12.15.00,No,Collision with vehicle,HEAD ON (NOT OVERTAKING),No,Day,Yes,Not at intersection,Other injury accident,100 km/hr,144.13729,-38.29088,SURF COAST,SOUTH WESTERN REGION,3,2,0,0,2,1,3,0,0,1,2,0,0,0,0,0,0,0,0,0,No,0,2,1,0,0,0,Country
24/05/2011,09.15.00,No,Collision with a fixed object,OFF RIGHT BEND INTO OBJECT/PARKED VEHICLE,No,Day,Yes,Not at intersection,Other injury accident,100 km/hr,145.20641,-38.05788,DANDENONG,METROPOLITAN SOUTH EAST REGION,1,1,0,0,1,0,1,0,0,0,1,0,0,0,0,0,0,0,0,0,No,0,1,0,1,0,0,Metropolitan Excluding CBD
24/05/2011,13.37.00,No,Struck Pedestrian,PED NEAR SIDE. PED HIT BY VEHICLE FROM THE RIGHT.,No,Day,Yes,Cross intersection,Other injury accident,50 km/hr,144.95392,-37.81247,MELBOURNE,METROPOLITAN NORTH WEST REGION,2,1,0,0,1,1,1,1,0,0,1,1,0,0,0,0,0,0,0,0,No,0,1,0,1,0,0,Metropolitan CBD Only
24/05/2011,13.56.00,No,Collision with vehicle,VEHICLE STRIKES DOOR OF PARKED/STATIONARY VEHICLE,No,Day,Yes,Not at intersection,Other injury accident,50 km/hr,144.96599,-37.81566,MELBOURNE,METROPOLITAN NORTH WEST REGION,3,1,0,0,1,2,2,1,1,1,1,0,0,0,0,0,0,0,0,0,No,0,2,0,1,0,0,Metropolitan CBD Only
24/05/2011,15.00.00,No,Collision with a fixed object,OFF RIGHT BEND INTO OBJECT/PARKED VEHICLE,No,Day,Yes,Not at intersection,Other injury accident,50 km/hr,145.27167,-38.10477,CASEY,METROPOLITAN SOUTH EAST REGION,3,1,0,0,1,2,3,0,0,2,1,0,0,0,0,0,0,0,0,1,No,0,1,0,1,0,0,Metropolitan Excluding CBD
24/05/2011,13.45.00,No,Collision with vehicle,REAR END(VEHICLES IN SAME LANE),No,Day,Yes,Not at intersection,Other injury accident,70 km/hr,144.92347,-37.63653,HUME,METROPOLITAN NORTH WEST REGION,6,4,0,0,4,2,2,2,0,4,2,0,0,0,0,0,0,0,0,0,No,0,2,0,1,0,1,Metropolitan Excluding CBD
24/05/2011,15.50.00,No,Struck Pedestrian,PED NEAR SIDE. PED HIT BY VEHICLE FROM THE RIGHT.,No,Day,Yes,Not at intersection,Other injury accident,60 km/hr,145.02584,-37.71382,DAREBIN,METROPOLITAN NORTH WEST REGION,2,1,0,0,1,1,1,1,0,0,1,1,0,0,0,1,0,0,0,1,No,0,1,0,1,0,0,Metropolitan Excluding CBD
24/05/2011,17.35.00,No,Struck Pedestrian,FAR SIDE. PED HIT BY VEHICLE FROM THE LEFT,No,Day,No,Cross intersection,Other injury accident,40 km/hr,144.95956,-37.81862,MELBOURNE,METROPOLITAN NORTH WEST REGION,2,1,0,0,1,1,1,1,0,0,1,1,0,0,0,0,0,0,0,0,No,0,1,0,1,0,0,Metropolitan CBD Only
24/05/2011,08.25.00,No,Collision with vehicle,REAR END(VEHICLES IN SAME LANE),No,Day,No,Not at intersection,Other injury accident,60 km/hr,144.36505,-38.18216,GEELONG,SOUTH WESTERN REGION,3,1,0,0,1,2,2,1,0,0,3,0,0,0,0,0,0,0,0,2,No,0,3,0,3,0,0,Large Provincial Cities
24/05/2011,15.05.00,No,Collision with vehicle,VEHICLE STRIKES ANOTHER VEH WHILE EMERGING FROM DRIVEWAY,No,Day,Yes,Not at intersection,Serious injury accident,50 km/hr,144.76876,-37.84166,WYNDHAM,METROPOLITAN NORTH WEST REGION,2,1,0,1,0,1,1,1,0,0,2,0,0,0,0,0,0,0,0,0,No,0,2,0,2,0,0,Metropolitan Excluding CBD
24/05/2011,16.02.00,No,Struck Pedestrian,FAR SIDE. PED HIT BY VEHICLE FROM THE LEFT,No,Day,Yes,Cross intersection,Serious injury accident,60 km/hr,144.8895,-37.79118,MARIBYRNONG,METROPOLITAN NORTH WEST REGION,3,1,0,1,0,2,3,0,0,1,1,1,0,0,0,0,0,0,0,0,No,0,1,0,1,0,0,Metropolitan Excluding CBD
24/05/2011,19.10.00,Yes,Collision with vehicle,RIGHT THROUGH,No,Dark Street lights on,Yes,T intersection,Serious injury accident,60 km/hr,145.02348,-37.9395,BAYSIDE,METROPOLITAN SOUTH EAST REGION,2,1,0,1,0,1,2,0,0,0,1,0,0,1,0,0,0,0,0,0,No,0,2,0,1,1,0,Metropolitan Excluding CBD
24/05/2011,19.10.00,Yes,Struck Pedestrian,FAR SIDE. PED HIT BY VEHICLE FROM THE LEFT,No,Dark Street lights on,Yes,Cross intersection,Other injury accident,60 km/hr,145.24483,-37.82986,MAROONDAH,METROPOLITAN SOUTH EAST REGION,3,1,0,0,1,2,2,1,0,0,2,1,0,0,0,0,1,0,0,1,No,0,2,0,2,0,0,Metropolitan Excluding CBD
24/05/2011,19.00.00,Yes,No collision and no object struck,OFF CARRIAGEWAY ON RIGHT BEND,No,Unk.,No,Not at intersection,Other injury accident,Not known,147.75546,-37.31353,EAST GIPPSLAND,EASTERN REGION,1,1,0,0,1,0,1,0,0,0,0,0,0,1,0,0,0,0,0,0,No,0,1,0,0,1,0,Country
24/05/2011,18.40.00,Yes,Collision with vehicle,RIGHT THROUGH,No,Dark Street lights on,Yes,Cross intersection,Serious injury accident,60 km/hr,144.25363,-36.77657,BENDIGO,NORTHERN REGION,2,1,0,1,0,1,1,1,0,0,1,0,0,1,0,0,0,0,0,0,No,0,2,0,1,1,0,Large Provincial Cities
24/05/2011,17.45.00,No,Struck Pedestrian,FAR SIDE. PED HIT BY VEHICLE FROM THE LEFT,No,Dark Street lights on,Yes,T intersection,Fatal accident,50 km/hr,145.27951,-38.10881,CASEY,METROPOLITAN SOUTH EAST REGION,4,1,1,0,0,3,3,1,0,2,1,1,0,0,0,0,0,1,0,0,No,0,1,0,1,0,0,Metropolitan Excluding CBD
24/05/2011,17.09.00,No,Collision with vehicle,RIGHT THROUGH,No,Day,Yes,Cross intersection,Serious injury accident,60 km/hr,145.12783,-37.88217,MONASH,METROPOLITAN SOUTH EAST REGION,4,3,0,1,2,1,1,3,0,2,2,0,0,0,0,0,0,0,0,0,No,0,2,0,2,0,0,Metropolitan Excluding CBD
24/05/2011,19.18.00,Yes,Struck Pedestrian,FAR SIDE. PED HIT BY VEHICLE FROM THE LEFT,No,Dark Street lights on,Yes,T intersection,Other injury accident,60 km/hr,145.1372,-37.89512,MONASH,METROPOLITAN SOUTH EAST REGION,2,1,0,0,1,1,2,0,0,0,1,1,0,0,0,0,0,1,0,0,No,0,1,0,1,0,0,Metropolitan Excluding CBD
24/05/2011,20.30.00,Yes,Collision with a fixed object,LEFT OFF CARRIAGEWAY INTO OBJECT/PARKED VEHICLE,No,Dark No street lights,Yes,Not at intersection,Other injury accident,60 km/hr,142.15638,-34.20671,MILDURA,WESTERN REGION,1,1,0,0,1,0,1,0,0,0,0,0,0,1,0,0,0,0,0,0,No,0,1,0,0,1,0,Small Provincial Cities
24/05/2011,22.40.00,Yes,Collision with vehicle,CROSS TRAFFIC(INTERSECTIONS ONLY),No,Dark Street lights on,No,Cross intersection,Other injury accident,60 km/hr,145.30702,-37.84999,KNOX,METROPOLITAN SOUTH EAST REGION,2,1,0,0,1,1,2,0,0,0,2,0,0,0,0,0,0,0,0,1,No,0,2,0,2,0,0,Metropolitan Excluding CBD
24/05/2011,23.15.00,Yes,Collision with vehicle,HEAD ON (NOT OVERTAKING),No,Dark Street lights on,Yes,T intersection,Other injury accident,60 km/hr,145.06791,-37.82198,BOROONDARA,METROPOLITAN SOUTH EAST REGION,2,1,0,0,1,1,2,0,0,0,2,0,0,0,0,0,0,0,0,1,No,0,2,0,2,0,0,Metropolitan Excluding CBD