ACCIDENT_DATE,ACCIDENT_TIME,ALCOHOLTIME,ACCIDENT_TYPE,DCA_CODE,HIT_RUN_FLAG,LIGHT_CONDITION,POLICE_ATTEND,ROAD_GEOMETRY,SEVERITY,SPEED_ZONE,LONGITUDE,LATITUDE,LGA_NAME,REGION_NAME,TOTAL_PERSONS,INJ_OR_FATAL,FATALITY,SERIOUSINJURY,OTHERINJURY,NONINJURED,MALES,FEMALES,BICYCLIST,PASSENGER,DRIVER,PEDESTRIAN,PILLION,MOTORIST,UNKNOWN,PED_CYCLIST_5_12,PED_CYCLIST_13_18,OLD_PEDESTRIAN,OLD_DRIVER,YOUNG_DRIVER,ALCOHOL_RELATED,UNLICENCSED,NO_OF_VEHICLES,HEAVYVEHICLE,PASSENGERVEHICLE,MOTORCYCLE,PUBLICVEHICLE,DEG_URBAN_NAME
28/05/2011,16.57.00,Yes,No collision and no object struck,OUT OF CONTROL ON CARRIAGEWAY (ON BEND),No,Day,Yes,Not at intersection,Serious injury accident,50 km/hr,145.5279,-37.64587,YARRA RANGES,METROPOLITAN SOUTH EAST REGION,1,1,0,1,0,0,1,0,0,0,0,0,0,1,0,0,0,0,0,0,No,1,1,0,0,1,0,Other Towns
28/05/2011,17.30.00,Yes,Struck Pedestrian,PED NEAR SIDE. PED HIT BY VEHICLE FROM THE RIGHT.,No,Dusk/Dawn,Yes,Cross intersection,Other injury accident,60 km/hr,144.96902,-37.79732,MELBOURNE,METROPOLITAN NORTH WEST REGION,5,1,0,0,1,4,3,2,0,2,2,1,0,0,0,0,1,0,0,1,No,0,2,0,2,0,0,Metropolitan Excluding CBD
28/05/2011,19.55.00,Yes,Collision with vehicle,RIGHT THROUGH,No,Dark Street lights on,Yes,Cross intersection,Serious injury accident,60 km/hr,145.16581,-37.93427,DANDENONG,METROPOLITAN SOUTH EAST REGION,4,1,0,1,0,3,3,1,0,2,2,0,0,0,0,0,0,0,0,1,No,0,2,0,2,0,0,Metropolitan Excluding CBD
28/05/2011,00.50.00,Yes,Struck Pedestrian,PED STRUCK WALKING TO/FROM OR BOARDING/ALIGHTING VEHICLE.,No,Dark Street lights on,No,Not at intersection,Other injury accident,50 km/hr,144.99668,-37.77826,DAREBIN,METROPOLITAN NORTH WEST REGION,2,1,0,0,1,1,1,1,0,0,1,1,0,0,0,0,0,0,0,0,No,0,1,0,0,0,1,Metropolitan Excluding CBD
28/05/2011,18.08.00,Yes,Collision with vehicle,REAR END(VEHICLES IN SAME LANE),No,Dark No street lights,Yes,Not at intersection,Serious injury accident,70 km/hr,145.0791,-37.77237,MANNINGHAM,METROPOLITAN SOUTH EAST REGION,6,2,0,2,0,4,2,4,0,0,6,0,0,0,0,0,0,0,0,1,No,0,6,0,6,0,0,Metropolitan Excluding CBD
28/05/2011,21.42.00,Yes,Collision with vehicle,VEHICLE COLLIDES WITH VEHICLE PARKED ON LEFT OF ROAD,No,Dark Street lights on,Yes,Not at intersection,Serious injury accident,50 km/hr,142.46493,-38.36167,WARRNAMBOOL,SOUTH WESTERN REGION,1,1,0,1,0,0,1,0,0,0,1,0,0,0,0,0,0,0,0,0,No,0,2,0,2,0,0,Small Provincial Cities
28/05/2011,23.09.00,Yes,Collision with a fixed object,RIGHT OFF CARRIAGEWAY INTO OBJECT/PARKED VEHICLE,No,Dark Street lights on,Yes,Not at intersection,Serious injury accident,60 km/hr,142.47843,-38.38609,WARRNAMBOOL,SOUTH WESTERN REGION,2,2,0,1,1,0,2,0,0,1,1,0,0,0,0,0,0,0,0,1,Yes,0,1,0,1,0,0,Small Provincial Cities
28/05/2011,23.55.00,Yes,Vehicle overturned (no collision),OFF CARRIAGEWAY TO RIGHT,No,Dark No street lights,Yes,Not at intersection,Other injury accident,100 km/hr,144.21858,-36.86976,BENDIGO,NORTHERN REGION,1,1,0,0,1,0,1,0,0,0,1,0,0,0,0,0,0,0,0,1,No,0,1,0,1,0,0,Country
28/05/2011,13.27.00,No,Collision with vehicle,CROSS TRAFFIC(INTERSECTIONS ONLY),No,Day,Yes,Cross intersection,Serious injury accident,100 km/hr,145.7454,-38.07973,CARDINIA,METROPOLITAN SOUTH EAST REGION,2,1,0,1,0,1,1,1,0,0,2,0,0,0,0,0,0,0,0,1,No,0,2,0,2,0,0,Country
28/05/2011,18.30.00,Yes,Collision with vehicle,RIGHT THROUGH,No,Dark No street lights,Yes,Not at intersection,Serious injury accident,80 km/hr,144.65401,-37.80033,MELTON,METROPOLITAN NORTH WEST REGION,4,1,0,1,0,3,3,1,0,2,2,0,0,0,0,0,0,0,0,1,No,0,2,0,2,0,0,Country
29/05/2011,13.00.00,No,Collision with vehicle,VEHICLE STRIKES ANOTHER VEH WHILE EMERGING FROM DRIVEWAY,No,Day,No,Not at intersection,Other injury accident,50 km/hr,144.90765,-37.76009,MOONEE VALLEY,METROPOLITAN NORTH WEST REGION,2,1,0,0,1,1,1,1,0,0,2,0,0,0,0,0,0,0,0,0,No,0,2,0,2,0,0,Metropolitan Excluding CBD
29/05/2011,13.55.00,No,No collision and no object struck,OUT OF CONTROL ON CARRIAGEWAY (ON STRAIGHT),No,Day,No,Not at intersection,Serious injury accident,60 km/hr,144.94209,-37.83886,PORT PHILLIP,METROPOLITAN NORTH WEST REGION,2,1,0,1,0,1,1,1,1,0,1,0,0,0,0,0,0,0,0,0,No,0,2,0,1,0,0,Metropolitan Excluding CBD
29/05/2011,14.30.00,No,Collision with vehicle,VEHICLE STRIKES DOOR OF PARKED/STATIONARY VEHICLE,No,Day,No,Cross intersection,Other injury accident,50 km/hr,144.97847,-37.79834,YARRA,METROPOLITAN NORTH WEST REGION,2,1,0,0,1,1,1,1,1,0,1,0,0,0,0,0,0,0,0,0,No,0,2,0,1,0,0,Metropolitan Excluding CBD
29/05/2011,15.45.00,No,Struck Pedestrian,PED WALKING WITH TRAFFIC,No,Day,No,Not at intersection,Other injury accident,50 km/hr,144.94837,-37.29223,MITCHELL,NORTHERN REGION,2,1,0,0,1,1,1,1,0,0,1,1,0,0,0,0,0,0,0,0,No,0,1,0,1,0,0,Other Towns
29/05/2011,01.50.00,Yes,Collision with vehicle,CROSS TRAFFIC(INTERSECTIONS ONLY),No,Dark Street lights on,Yes,Cross intersection,Serious injury accident,50 km/hr,145.23942,-37.9877,CASEY,METROPOLITAN SOUTH EAST REGION,2,2,0,2,0,0,1,1,0,0,2,0,0,0,0,0,0,0,0,1,Yes,0,2,0,2,0,0,Metropolitan Excluding CBD
29/05/2011,03.50.00,Yes,Collision with vehicle,CROSS TRAFFIC(INTERSECTIONS ONLY),No,Dark Street lights on,Yes,Cross intersection,Other injury accident,60 km/hr,144.96534,-37.73399,MORELAND,METROPOLITAN NORTH WEST REGION,6,2,0,0,2,4,2,4,0,4,2,0,0,0,0,0,0,0,0,0,No,0,2,0,2,0,0,Metropolitan Excluding CBD
29/05/2011,03.15.00,Yes,Collision with vehicle,CROSS TRAFFIC(INTERSECTIONS ONLY),No,Dark Street lights on,Yes,Cross intersection,Serious injury accident,60 km/hr,145.01971,-37.86126,STONNINGTON,METROPOLITAN SOUTH EAST REGION,4,3,0,1,2,1,2,2,0,2,2,0,0,0,0,0,0,0,0,0,Yes,0,2,0,2,0,0,Metropolitan Excluding CBD
29/05/2011,08.05.00,Yes,Collision with vehicle,RIGHT THROUGH,No,Day,Yes,Cross intersection,Other injury accident,60 km/hr,145.59318,-38.60254,BASS COAST,EASTERN REGION,2,1,0,0,1,1,0,2,0,0,2,0,0,0,0,0,0,0,0,0,No,0,2,0,2,0,0,Other Towns
29/05/2011,07.50.00,Yes,Collision with vehicle,RIGHT THROUGH,No,Day,Yes,Multiple intersection,Serious injury accident,80 km/hr,144.99145,-37.64843,WHITTLESEA,METROPOLITAN NORTH WEST REGION,2,2,0,2,0,0,1,1,0,0,2,0,0,0,0,0,0,0,0,0,No,0,2,0,2,0,0,Metropolitan Excluding CBD
29/05/2011,08.45.00,Yes,Collision with vehicle,RIGHT THROUGH,No,Day,Yes,Multiple intersection,Other injury accident,80 km/hr,145.22732,-37.81045,MAROONDAH,METROPOLITAN SOUTH EAST REGION,3,2,0,0,2,1,2,1,0,1,2,0,0,0,0,0,0,0,0,0,No,0,2,0,2,0,0,Metropolitan Excluding CBD
29/05/2011,11.35.00,No,Collision with vehicle,LEFT REAR,No,Day,Yes,Cross intersection,Serious injury accident,60 km/hr,144.998,-37.87692,GLEN EIRA,METROPOLITAN SOUTH EAST REGION,2,1,0,1,0,1,1,1,1,0,1,0,0,0,0,0,0,0,1,0,No,0,2,0,1,0,0,Metropolitan Excluding CBD
29/05/2011,15.00.00,No,Struck Pedestrian,FAR SIDE. PED HIT BY VEHICLE FROM THE LEFT,No,Day,Yes,Not at intersection,Serious injury accident,60 km/hr,144.97402,-37.80301,YARRA,METROPOLITAN NORTH WEST REGION,2,1,0,1,0,1,1,1,0,0,1,1,0,0,0,0,0,0,0,0,No,0,1,0,0,0,1,Metropolitan Excluding CBD
29/05/2011,16.11.00,Yes,Collision with a fixed object,LEFT OFF CARRIAGEWAY INTO OBJECT/PARKED VEHICLE,No,Day,Yes,Multiple intersection,Other injury accident,80 km/hr,145.07937,-37.78045,BOROONDARA,METROPOLITAN SOUTH EAST REGION,1,1,0,0,1,0,0,1,0,0,1,0,0,0,0,0,0,0,0,0,Yes,0,1,0,1,0,0,Metropolitan Excluding CBD
29/05/2011,16.55.00,Yes,Collision with vehicle,VEHICLE COLLIDES WITH VEHICLE PARKED ON LEFT OF ROAD,No,Dusk/Dawn,Yes,Not at intersection,Other injury accident,50 km/hr,145.1645,-37.87969,MONASH,METROPOLITAN SOUTH EAST REGION,3,3,0,0,3,0,1,2,0,2,1,0,0,0,0,0,0,0,0,1,No,0,2,0,2,0,0,Metropolitan Excluding CBD
29/05/2011,18.42.00,Yes,Collision with vehicle,VEHICLE COLLIDES WITH VEHICLE PARKED ON LEFT OF ROAD,Yes,Dark Street lights on,No,Not at intersection,Other injury accident,60 km/hr,144.9737,-37.83647,PORT PHILLIP,METROPOLITAN NORTH WEST REGION,5,1,0,0,1,4,3,2,0,3,2,0,0,0,0,0,0,0,0,0,No,0,2,0,2,0,0,Metropolitan Excluding CBD
29/05/2011,17.10.00,Yes,Collision with vehicle,REAR END(VEHICLES IN SAME LANE),Yes,Day,Yes,T intersection,Other injury accident,40 km/hr,144.96239,-37.76549,MORELAND,METROPOLITAN NORTH WEST REGION,3,2,0,0,2,1,1,2,0,1,2,0,0,0,0,0,0,0,0,0,No,0,2,0,2,0,0,Metropolitan Excluding CBD
29/05/2011,17.12.00,Yes,Collision with vehicle,HEAD ON (NOT OVERTAKING),No,Day,Yes,Not at intersection,Other injury accident,50 km/hr,144.96768,-37.76539,MORELAND,METROPOLITAN NORTH WEST REGION,5,1,0,0,1,4,4,1,0,3,2,0,0,0,0,0,0,0,0,0,No,0,2,0,2,0,0,Metropolitan Excluding CBD
29/05/2011,18.00.00,Yes,Collision with vehicle,VEHICLE COLLIDES WITH VEHICLE PARKED ON LEFT OF ROAD,No,Dark Street lights on,Yes,T intersection,Other injury accident,50 km/hr,142.19265,-34.30962,MILDURA,WESTERN REGION,1,1,0,0,1,0,1,0,0,0,1,0,0,0,0,0,0,0,1,0,No,0,2,0,2,0,0,Other Towns
29/05/2011,20.55.00,Yes,Collision with vehicle,RIGHT NEAR (INTERSECTIONS ONLY),No,Dark Street lights on,Yes,T intersection,Other injury accident,60 km/hr,144.83304,-37.77946,BRIMBANK,METROPOLITAN NORTH WEST REGION,3,2,0,0,2,1,0,2,0,1,2,0,0,0,0,0,0,0,0,0,No,0,2,0,2,0,0,Metropolitan Excluding CBD
29/05/2011,21.30.00,Yes,Collision with vehicle,CROSS TRAFFIC(INTERSECTIONS ONLY),No,Dark Street lights on,Yes,Cross intersection,Other injury accident,60 km/hr,145.0412,-37.85818,STONNINGTON,METROPOLITAN SOUTH EAST REGION,4,2,0,0,2,2,2,2,0,1,3,0,0,0,0,0,0,0,1,0,No,0,3,0,3,0,0,Metropolitan Excluding CBD
29/05/2011,22.10.00,Yes,Collision with a fixed object,LEFT OFF CARRIAGEWAY INTO OBJECT/PARKED VEHICLE,No,Dark No street lights,Yes,Not at intersection,Serious injury accident,80 km/hr,144.72684,-37.72081,MELTON,METROPOLITAN NORTH WEST REGION,3,2,0,2,0,1,3,0,0,2,1,0,0,0,0,0,0,0,0,1,No,0,1,0,1,0,0,Country
29/05/2011,12.30.00,No,Fall from or in moving vehicle,OUT OF CONTROL ON CARRIAGEWAY (ON BEND),No,Day,No,Not at intersection,Serious injury accident,100 km/hr,146.30442,-37.15134,MANSFIELD,NORTH EASTERN REGION,1,1,0,1,0,0,1,0,0,0,0,0,0,1,0,0,0,0,0,0,No,0,1,0,0,1,0,Country
29/05/2011,18.08.00,Yes,Collision with vehicle,VEHICLE COLLIDES WITH VEHICLE PARKED ON LEFT OF ROAD,No,Dusk/Dawn,Yes,Not at intersection,Other injury accident,60 km/hr,144.86459,-37.7357,MOONEE VALLEY,METROPOLITAN NORTH WEST REGION,1,1,0,0,1,0,1,0,0,0,1,0,0,0,0,0,0,0,0,1,No,0,2,0,2,0,0,Metropolitan Excluding CBD
29/05/2011,13.20.00,No,Collision with vehicle,LANE CHANGE RIGHT (NOT OVERTAKING),No,Day,Yes,Cross intersection,Other injury accident,90 km/hr,145.43185,-36.41049,SHEPPARTON,NORTH EASTERN REGION,3,1,0,0,1,2,2,1,0,1,2,0,0,0,0,0,0,0,0,1,No,0,2,0,2,0,0,Small Provincial Cities
29/05/2011,14.30.00,No,Collision with vehicle,LEFT REAR,No,Day,No,T intersection,Other injury accident,60 km/hr,145.00102,-37.75608,DAREBIN,METROPOLITAN NORTH WEST REGION,2,1,0,0,1,1,1,1,0,0,2,0,0,0,0,0,0,0,0,0,No,0,2,0,2,0,0,Metropolitan Excluding CBD
29/05/2011,15.00.00,No,Collision with a fixed object,OTHER ACCIDENTS-OFF STRAIGHT NOT INCLUDED IN DCAs 170-175,No,Day,No,Not at intersection,Other injury accident,Not known,144.95708,-37.82821,MELBOURNE,METROPOLITAN NORTH WEST REGION,1,1,0,0,1,0,1,0,0,0,1,0,0,0,0,0,0,0,0,0,No,0,1,0,1,0,0,Metropolitan Excluding CBD
29/05/2011,16.19.00,Yes,Collision with vehicle,RIGHT REAR.,No,Day,No,Cross intersection,Other injury accident,50 km/hr,144.77073,-37.78841,BRIMBANK,METROPOLITAN NORTH WEST REGION,4,1,0,0,1,3,2,2,0,2,2,0,0,0,0,0,0,0,0,1,No,0,2,0,2,0,0,Metropolitan Excluding CBD
29/05/2011,18.00.00,Yes,Collision with vehicle,VEHICLE STRIKES ANOTHER VEH WHILE EMERGING FROM DRIVEWAY,No,Dusk/Dawn,No,Not at intersection,Other injury accident,50 km/hr,145.23643,-37.91772,KNOX,METROPOLITAN SOUTH EAST REGION,2,1,0,0,1,1,0,2,0,0,2,0,0,0,0,0,0,0,0,0,No,0,2,0,2,0,0,Metropolitan Excluding CBD
30/05/2011,09.25.00,No,Collision with vehicle,RIGHT TURN SIDESWIPE,No,Day,No,Cross intersection,Other injury accident,80 km/hr,145.17264,-37.94753,DANDENONG,METROPOLITAN SOUTH EAST REGION,2,1,0,0,1,1,2,0,0,0,2,0,0,0,0,0,0,0,0,0,No,0,2,0,2,0,0,Metropolitan Excluding CBD
30/05/2011,06.26.00,No,Collision with vehicle,RIGHT/RIGHT BOTH VEHs FROM OPPOSITE DIRECTIONS TURNING RIGHT,No,Dark Street lights on,Yes,Cross intersection,Other injury accident,70 km/hr,145.09554,-37.6375,WHITTLESEA,METROPOLITAN NORTH WEST REGION,3,1,0,0,1,2,2,1,0,0,3,0,0,0,0,0,0,0,0,0,No,0,3,0,3,0,0,Metropolitan Excluding CBD
30/05/2011,08.45.00,No,Collision with vehicle,RIGHT REAR.,No,Day,Yes,Not at intersection,Other injury accident,60 km/hr,144.31717,-36.76374,BENDIGO,NORTHERN REGION,4,1,0,0,1,3,1,3,0,2,2,0,0,0,0,0,0,0,0,0,No,1,2,0,2,0,0,Large Provincial Cities
30/05/2011,05.50.00,Yes,Collision with vehicle,RIGHT NEAR (INTERSECTIONS ONLY),No,Dark Street lights on,Yes,Cross intersection,Fatal accident,80 km/hr,144.87364,-37.70756,BRIMBANK,METROPOLITAN NORTH WEST REGION,2,2,1,0,1,0,2,0,0,0,1,0,0,1,0,0,0,0,0,0,No,1,2,0,0,1,0,Metropolitan Excluding CBD
30/05/2011,08.35.00,No,Collision with vehicle,VEHICLE STRIKES DOOR OF PARKED/STATIONARY VEHICLE,No,Day,Yes,Not at intersection,Other injury accident,60 km/hr,145.0216,-37.87981,GLEN EIRA,METROPOLITAN SOUTH EAST REGION,2,1,0,0,1,1,2,0,1,0,1,0,0,0,0,0,0,0,0,0,No,0,2,0,1,0,0,Metropolitan Excluding CBD
30/05/2011,09.00.00,No,Collision with vehicle,VEHICLE OFF FOOTPATH STRIKES VEH ON CARRIAGEWAY,No,Day,Yes,Not at intersection,Serious injury accident,60 km/hr,144.958,-37.77778,MELBOURNE,METROPOLITAN NORTH WEST REGION,2,1,0,1,0,1,1,1,1,0,1,0,0,0,0,0,0,0,0,0,No,0,2,0,1,0,0,Metropolitan Excluding CBD
30/05/2011,08.50.00,No,Collision with vehicle,VEHICLE COLLIDES WITH VEHICLE PARKED ON LEFT OF ROAD,No,Day,Yes,Not at intersection,Other injury accident,50 km/hr,145.07941,-37.98975,KINGSTON,METROPOLITAN SOUTH EAST REGION,2,1,0,0,1,1,1,1,0,1,1,0,0,0,0,0,0,0,0,0,No,0,3,0,3,0,0,Metropolitan Excluding CBD
30/05/2011,08.30.00,No,Collision with vehicle,TWO RIGHT TURNING (INTERSECTIONS ONLY),No,Day,Yes,T intersection,Serious injury accident,100 km/hr,146.26842,-38.20102,LATROBE,EASTERN REGION,2,1,0,1,0,1,1,1,0,0,1,0,0,1,0,0,0,0,0,0,No,0,2,0,1,1,0,Country
30/05/2011,12.35.00,No,Collision with vehicle,RIGHT THROUGH,No,Day,Yes,T intersection,Other injury accident,70 km/hr,145.27263,-37.80082,MAROONDAH,METROPOLITAN SOUTH EAST REGION,4,3,0,0,3,1,3,0,0,2,2,0,0,0,0,0,0,0,0,0,No,0,2,0,2,0,0,Metropolitan Excluding CBD
30/05/2011,08.15.00,No,Collision with vehicle,REAR END(VEHICLES IN SAME LANE),No,Day,Yes,Not at intersection,Serious injury accident,60 km/hr,146.39269,-38.23517,LATROBE,EASTERN REGION,4,2,0,1,1,2,2,2,0,0,4,0,0,0,0,0,0,0,0,1,No,0,4,0,4,0,0,Small Provincial Cities
30/05/2011,12.00.00,No,Collision with vehicle,REAR END(VEHICLES IN SAME LANE),No,Day,Yes,Not at intersection,Serious injury accident,70 km/hr,145.07912,-37.77217,MANNINGHAM,METROPOLITAN SOUTH EAST REGION,4,3,0,2,1,1,3,1,0,1,3,0,0,0,0,0,0,0,0,0,No,0,3,2,1,0,0,Metropolitan Excluding CBD
30/05/2011,11.20.00,No,Collision with vehicle,RIGHT THROUGH,No,Day,Yes,Cross intersection,Other injury accident,60 km/hr,144.95599,-37.80588,MELBOURNE,METROPOLITAN NORTH WEST REGION,3,1,0,0,1,2,2,1,0,1,2,0,0,0,0,0,0,0,0,0,No,0,2,0,2,0,0,Metropolitan Excluding CBD
30/05/2011,11.39.00,No,Collision with vehicle,LEFT REAR,No,Day,Yes,Multiple intersection,Other injury accident,70 km/hr,145.07863,-37.77962,BOROONDARA,METROPOLITAN SOUTH EAST REGION,9,3,0,0,3,6,4,5,0,3,6,0,0,0,0,0,0,0,0,0,No,0,6,2,4,0,0,Metropolitan Excluding CBD
30/05/2011,12.15.00,No,Collision with vehicle,ENTERING PARKING,Yes,Day,Yes,Not at intersection,Other injury accident,50 km/hr,146.31477,-36.35362,WANGARATTA,NORTH EASTERN REGION,3,2,0,0,2,1,2,1,0,1,2,0,0,0,0,0,0,0,1,0,No,1,3,0,3,0,0,Small Provincial Cities
30/05/2011,13.04.00,No,Collision with vehicle,LANE CHANGE LEFT (NOT OVERTAKING),No,Day,Yes,Not at intersection,Serious injury accident,80 km/hr,144.89789,-37.82945,HOBSONS BAY,METROPOLITAN NORTH WEST REGION,2,1,0,1,0,1,1,1,0,0,2,0,0,0,0,0,0,0,0,0,No,0,2,1,1,0,0,Metropolitan Excluding CBD
30/05/2011,10.50.00,No,Collision with vehicle,RIGHT THROUGH,Yes,Day,Yes,T intersection,Serious injury accident,50 km/hr,145.17352,-37.95919,DANDENONG,METROPOLITAN SOUTH EAST REGION,4,1,0,1,0,3,2,2,0,2,2,0,0,0,0,0,0,0,0,1,No,0,2,0,2,0,0,Metropolitan Excluding CBD
30/05/2011,15.45.00,No,Struck Pedestrian,PED NEAR SIDE. PED HIT BY VEHICLE FROM THE RIGHT.,No,Day,Yes,T intersection,Serious injury accident,50 km/hr,144.86152,-37.74843,MOONEE VALLEY,METROPOLITAN NORTH WEST REGION,2,1,0,1,0,1,0,2,0,0,1,1,0,0,0,0,0,1,0,0,No,0,1,0,1,0,0,Metropolitan Excluding CBD
30/05/2011,15.30.00,No,Collision with vehicle,PULLING OUT (OVERTAKING),No,Day,Yes,Not at intersection,Serious injury accident,60 km/hr,143.86033,-37.53349,BALLARAT,WESTERN REGION,3,2,0,2,0,1,2,1,0,0,1,0,1,1,0,0,0,0,0,0,No,0,2,0,1,1,0,Large Provincial Cities
30/05/2011,16.20.00,No,Vehicle overturned (no collision),OFF CARRIAGEWAY ON RIGHT BEND,No,Day,Yes,Not at intersection,Other injury accident,60 km/hr,145.32603,-37.89317,YARRA RANGES,METROPOLITAN SOUTH EAST REGION,1,1,0,0,1,0,0,1,0,0,0,0,0,1,0,0,0,0,0,0,No,0,1,0,0,1,0,Metropolitan Excluding CBD
30/05/2011,15.50.00,No,Collision with vehicle,RIGHT REAR.,No,Day,Yes,T intersection,Other injury accident,60 km/hr,144.78975,-37.79579,BRIMBANK,METROPOLITAN NORTH WEST REGION,6,1,0,0,1,5,4,2,0,4,2,0,0,0,0,0,0,0,0,1,No,0,2,0,2,0,0,Metropolitan Excluding CBD
30/05/2011,16.50.00,No,Collision with vehicle,RIGHT THROUGH,No,Dusk/Dawn,Yes,T intersection,Serious injury accident,70 km/hr,145.33004,-37.90222,YARRA RANGES,METROPOLITAN SOUTH EAST REGION,2,1,0,1,0,1,1,1,0,0,1,0,0,1,0,0,0,0,0,1,No,0,2,0,1,1,0,Metropolitan Excluding CBD
30/05/2011,17.34.00,No,Collision with vehicle,U TURN,No,Dusk/Dawn,Yes,Not at intersection,Serious injury accident,50 km/hr,144.9551,-37.81996,MELBOURNE,METROPOLITAN NORTH WEST REGION,2,1,0,1,0,1,1,1,0,0,1,0,0,1,0,0,0,0,0,0,No,0,2,0,1,1,0,Metropolitan CBD Only
30/05/2011,15.00.00,No,Collision with a fixed object,RIGHT OFF CARRIAGEWAY INTO OBJECT/PARKED VEHICLE,No,Day,Yes,Not at intersection,Fatal accident,100 km/hr,145.62835,-38.39848,BASS COAST,EASTERN REGION,3,2,1,0,1,1,2,1,0,2,1,0,0,0,0,0,0,0,0,0,No,0,1,0,1,0,0,Country
30/05/2011,16.10.00,No,Collision with vehicle,REAR END(VEHICLES IN SAME LANE),No,Day,Yes,Not at intersection,Other injury accident,100 km/hr,145.03882,-37.68754,WHITTLESEA,METROPOLITAN NORTH WEST REGION,4,1,0,0,1,3,4,0,0,1,2,0,0,1,0,0,0,0,0,0,No,0,3,0,2,1,0,Metropolitan Excluding CBD
30/05/2011,18.37.00,Yes,Collision with vehicle,REAR END(VEHICLES IN SAME LANE),No,Dark Street lights on,Yes,Not at intersection,Other injury accident,100 km/hr,145.02228,-37.68613,WHITTLESEA,METROPOLITAN NORTH WEST REGION,3,1,0,0,1,2,2,1,0,0,3,0,0,0,0,0,0,0,0,0,No,0,3,0,3,0,0,Metropolitan Excluding CBD
30/05/2011,17.55.00,No,Collision with vehicle,LANE SIDE SWIPE (VEHICLES IN PARALLEL LANES),No,Dusk/Dawn,Yes,Not at intersection,Other injury accident,100 km/hr,144.87986,-37.7325,MOONEE VALLEY,METROPOLITAN NORTH WEST REGION,4,1,0,0,1,3,3,1,0,2,2,0,0,0,0,0,0,0,0,0,No,0,2,0,2,0,0,Metropolitan Excluding CBD
30/05/2011,17.44.00,No,Struck Pedestrian,PED WALKING WITH TRAFFIC,No,Dark Street lights on,Yes,Not at intersection,Serious injury accident,60 km/hr,144.97655,-37.78864,YARRA,METROPOLITAN NORTH WEST REGION,2,1,0,1,0,1,2,0,0,0,1,1,0,0,0,0,0,0,0,0,No,0,1,0,1,0,0,Metropolitan Excluding CBD
30/05/2011,18.20.00,Yes,Collision with vehicle,U TURN,No,Dusk/Dawn,Yes,Cross intersection,Other injury accident,60 km/hr,145.01911,-37.65971,WHITTLESEA,METROPOLITAN NORTH WEST REGION,4,1,0,0,1,3,2,2,0,0,4,0,0,0,0,0,0,0,0,1,No,0,4,0,4,0,0,Metropolitan Excluding CBD
30/05/2011,18.50.00,Yes,Collision with vehicle,RIGHT THROUGH,No,Dark Street lights on,Yes,T intersection,Serious injury accident,60 km/hr,145.06511,-37.89712,GLEN EIRA,METROPOLITAN SOUTH EAST REGION,2,1,0,1,0,1,1,1,0,0,2,0,0,0,0,0,0,0,0,0,No,0,2,0,2,0,0,Metropolitan Excluding CBD
30/05/2011,18.20.00,Yes,Collision with vehicle,REAR END(VEHICLES IN SAME LANE),No,Dusk/Dawn,Yes,Not at intersection,Other injury accident,60 km/hr,144.99895,-37.78595,YARRA,METROPOLITAN NORTH WEST REGION,3,1,0,0,1,2,1,2,0,1,2,0,0,0,0,0,0,0,0,1,No,0,2,0,2,0,0,Metropolitan Excluding CBD
30/05/2011,19.28.00,Yes,Collision with vehicle,LANE CHANGE LEFT (NOT OVERTAKING),No,Dark Street lights on,Yes,Not at intersection,Serious injury accident,40 km/hr,144.9176,-37.70598,MORELAND,METROPOLITAN NORTH WEST REGION,2,1,0,1,0,1,2,0,0,0,1,0,0,1,0,0,0,0,0,0,No,0,2,0,1,1,0,Metropolitan Excluding CBD
30/05/2011,21.30.00,Yes,Collision with vehicle,RIGHT THROUGH,No,Dark Street lights on,Yes,Cross intersection,Serious injury accident,60 km/hr,144.75426,-37.76212,MELTON,METROPOLITAN NORTH WEST REGION,2,1,0,1,0,1,1,1,0,0,2,0,0,0,0,0,0,0,0,0,No,0,2,0,2,0,0,Metropolitan Excluding CBD
30/05/2011,23.00.00,Yes,Collision with a fixed object,LEFT OFF CARRIAGEWAY INTO OBJECT/PARKED VEHICLE,No,Dark Street lights on,Yes,Cross intersection,Serious injury accident,70 km/hr,144.76881,-37.69509,BRIMBANK,METROPOLITAN NORTH WEST REGION,1,1,0,1,0,0,1,0,0,0,1,0,0,0,0,0,0,0,0,0,No,0,1,0,1,0,0,Metropolitan Excluding CBD
30/05/2011,17.45.00,No,Collision with vehicle,RIGHT NEAR (INTERSECTIONS ONLY),No,Dusk/Dawn,No,Cross intersection,Other injury accident,50 km/hr,143.86422,-37.57454,BALLARAT,WESTERN REGION,3,1,0,0,1,2,0,3,0,1,2,0,0,0,0,0,0,0,0,2,No,0,2,0,2,0,0,Large Provincial Cities
30/05/2011,21.45.00,Yes,Collision with vehicle,RIGHT THROUGH,No,Dark Street lights on,Yes,Cross intersection,Serious injury accident,70 km/hr,145.04392,-37.90444,GLEN EIRA,METROPOLITAN SOUTH EAST REGION,4,1,0,1,0,3,4,0,0,2,2,0,0,0,0,0,0,0,0,1,No,0,2,0,2,0,0,Metropolitan Excluding CBD
30/05/2011,22.15.00,Yes,Struck Pedestrian,FAR SIDE. PED HIT BY VEHICLE FROM THE LEFT,No,Unk.,No,Cross intersection,Serious injury accident,50 km/hr,144.96585,-37.80697,MELBOURNE,METROPOLITAN NORTH WEST REGION,2,1,0,1,0,1,0,2,0,0,1,1,0,0,0,0,0,0,0,1,No,0,1,0,1,0,0,Metropolitan Excluding CBD